date,open,high,low,close,volume,num_min_bar,start_hour,end_hour,max_hourly_vol,hour_max_vol,max_hourly_change,hour_max_change,ave_hourly_change
20160104,4716,4732,4591.5,4608,4542,896,1,18,498,13,-53,1,14.67
20160105,4614,4680,4596,4645,3610,850,1,18,433,12,46.5,6,8.56
20160106,4633,4647.5,4593,4620,3187,825,1,18,442,13,-21.5,6,7.39
20160107,4625,4636,4430,4487.5,9067,939,1,18,1786,14,65,15,22.36
20160108,4491,4562,4472.5,4475,4954,902,1,18,711,1,38,7,14.94
20160111,4467.5,4467.5,4381,4384,5565,920,1,18,871,13,-36.5,1,12.75
20160112,4396,4410,4350,4358,4616,846,1,18,599,13,-25.5,15,10.11
20160113,4366.5,4410,4357,4357,4030,902,1,18,509,15,-26.5,17,9.08
20160114,4363.5,4430,4330,4404.5,4654,840,1,18,808,16,20.5,2,9.39
20160115,4415.5,4418,4318,4325.5,4401,900,1,18,564,13,-28.5,16,9.28
20160118,4332.5,4394,4330,4380,3288,830,1,18,438,1,42.5,1,9.97
20160119,4378.5,4476,4366,4392.5,4743,890,1,18,541,6,42,5,12.22
20160120,4392.5,4412,4348,4385,3691,857,1,18,443,13,24,18,9.36
20160121,4392,4441,4353,4438,3734,829,1,18,479,16,32.5,16,9.50
20160122,4441,4484,4418,4444.5,3979,865,1,18,433,16,45,11,14.53
20160125,4446.5,4472,4406,4432,3762,866,1,18,544,14,-23.5,1,9.31
20160126,4423,4544.5,4408,4522,5683,884,1,18,910,16,35.5,10,10.94
20160127,4525,4595,4505,4577,4721,919,1,18,643,16,22.5,16,11.00
20160128,4560,4584,4516,4543.5,4229,894,1,18,481,14,41.5,7,11.86
20160129,4543,4579.5,4527.5,4569,3049,833,1,18,408,16,19,13,8.94
20160201,4560,4565,4496.5,4565,3680,869,1,18,395,12,-35,1,9.00
20160202,4553,4628,4526,4546,4425,824,1,18,737,13,56,7,11.28
20160203,4534,4648,4520,4644.5,4702,894,1,18,710,15,24,15,10.19
20160204,4648.5,4720,4631.5,4690,5379,878,1,18,803,14,22,13,9.86
20160205,4692.5,4696,4612,4616,4397,849,1,18,786,13,-29,18,10.86
20160208,4620,4648.5,4573.5,4620,3168,717,1,18,469,14,43.5,13,11.89
20160209,4610,4646.5,4467,4508.5,5452,753,1,18,1051,13,-62,9,18.86
20160210,4518,4524,4430,4464,3828,763,1,18,765,16,52,17,17.56
20160211,4465.5,4497,4433,4443,3849,769,1,18,540,16,32,14,12.19
20160212,4462,4515,4448,4491,2415,699,1,18,327,15,25,8,7.17
20160215,4526,4615,4526,4565,4253,835,1,18,628,1,58,1,13.00
20160216,4569.5,4611,4546,4547,3894,854,1,18,689,15,31.5,1,10.86
20160217,4556.5,4608,4535,4592,3558,872,1,18,419,16,-25.5,12,8.81
20160218,4586.5,4600,4552.5,4592,3024,820,1,18,397,16,-20.5,8,7.47
20160219,4584.5,4631.5,4562,4606,3448,843,1,18,488,13,24,16,9.92
20160222,4622.5,4701,4619,4684,4316,871,1,18,565,8,33.5,7,6.69
20160223,4675,4681.5,4629,4657,3368,857,1,18,481,15,-23,3,7.83
20160224,4654,4669.5,4580,4667.5,4412,905,1,18,580,15,-36,3,10.58
20160225,4670,4676,4578,4609,4678,906,1,18,568,14,-37,14,10.83
20160226,4612,4771,4610,4691.5,9156,902,1,18,3028,13,71.5,13,12.64
20160229,4691,4715,4645,4700,4672,888,1,18,509,10,45,10,12.33
20160301,4695,4738.5,4636,4734,4514,899,1,18,430,13,-32.5,1,12.28
20160302,4726.5,4810,4716,4810,5401,946,1,18,682,14,26,6,10.42
20160303,4800.5,4865,4778,4864,5261,979,1,18,596,14,18.5,14,8.53
20160304,4862,5059,4855.5,4995.5,9203,925,1,18,1772,16,47,6,15.92
20160307,5000,5035,4940,5007,6555,921,1,18,1157,13,-25,13,11.94
20160308,4998.5,4998.5,4852.5,4888,7540,922,1,18,1397,13,-44.5,2,18.86
20160309,4881.5,4962,4849.5,4922.5,6125,902,1,18,1049,15,24,5,9.94
20160310,4926.5,4942.5,4863.5,4896,5132,857,1,18,771,13,-19.5,1,8.97
20160311,4897.5,4977,4892.5,4948.5,3732,902,1,18,405,16,31.5,1,10.72
20160314,4941,5030,4923,4954.5,5262,883,0,17,834,12,58,1,13.42
20160315,4946,4953.5,4881.5,4943,4500,869,0,17,640,13,-37.5,6,10.72
20160316,4954,5000,4919,4986,3707,853,0,17,379,12,49,17,12.11
20160317,5007,5075,4980.5,5068,5633,911,0,17,851,12,-46.5,11,13.50
20160318,5066,5131,5031,5048,5902,922,0,17,873,12,52.5,0,14.83
20160321,5039,5088,5018,5048,3692,842,0,17,430,12,28,0,11.28
20160322,5062.5,5073,5024.5,5063.5,3000,769,0,17,406,12,26.5,8,7.67
20160323,5065,5078,4944,4962,5335,834,0,17,1724,12,-48,12,10.39
20160324,4960.5,4970.5,4886,4958.5,4330,861,0,17,544,10,-31,9,9.72
20160329,4969,4981,4880,4917,4704,854,0,17,788,15,20,16,9.94
20160330,4922,4930,4850,4873,4963,908,0,17,646,6,-25.5,12,9.17
20160331,4860,4884,4816,4856.5,5116,879,0,17,818,13,34,13,10.31
20160401,4850,4895.5,4805,4812,4432,841,0,17,706,12,-35.5,12,10.33
20160404,4809.5,4824,4757.5,4768.5,3035,753,0,17,437,15,-23,10,9.78
20160405,4764,4811.5,4751,4768.5,4005,865,0,17,691,13,26.5,13,10.53
20160406,4772,4795,4751,4775,3320,831,0,17,453,13,18.5,14,5.72
20160407,4780,4799,4631,4635,6702,872,0,17,1074,14,-41,7,11.94
20160408,4650,4680,4633,4665,4611,862,0,17,755,13,21,7,9.33
20160411,4667,4703.5,4633.5,4668.5,3946,839,0,17,582,13,-24,8,11.19
20160412,4654.5,4788,4640,4780,6359,906,0,17,1164,13,38.5,13,10.53
20160413,4787,4855,4775,4837,5883,920,0,17,777,13,-36.5,6,8.50
20160414,4845,4845.5,4778,4840,4297,850,0,17,658,13,-20,5,10.06
20160415,4830,4843.5,4765.5,4806,3753,784,0,17,427,13,-25.5,6,9.06
20160418,4772.5,4844,4758,4825,5489,912,0,17,687,13,24.5,13,8.81
20160419,4828,4951,4782,4943,6921,847,0,17,1458,13,68,13,12.83
20160420,4936,4985,4886.5,4972.5,6122,883,0,17,918,15,-36,5,9.47
20160421,4976,5065,4930,4997,9335,903,0,17,2497,13,-101,13,18.39
20160422,4996,5091,4958,5030.5,7709,880,0,17,2041,14,32,13,12.36
20160425,5020,5030,4970,4990,5236,890,0,17,694,13,-31,7,8.06
20160426,4981,5002,4916.5,4964,5172,861,0,17,600,13,-41,2,10.33
20160427,4972,4983,4873,4932,5189,849,0,17,1028,13,-41.5,13,12.33
20160428,4940,4955,4880,4932,4703,833,0,17,550,13,-26,5,9.89
20160429,4930.5,5073.5,4926,5035.5,5885,907,0,17,755,13,41,2,11.44
20160503,5007,5012,4897.5,4907.5,6888,908,0,17,1000,14,-44,14,14.14
20160504,4912.5,4925,4839,4841,4835,868,0,17,601,13,-26.5,8,12.25
20160505,4853,4866,4764,4770.5,5525,883,0,17,769,13,-25.5,7,10.42
20160506,4776.5,4825,4755,4788,5475,889,0,17,759,12,20,15,9.47
20160509,4781,4784.5,4682.5,4686.5,6862,929,0,17,1033,13,-44,1,12.25
20160510,4685,4724,4663.5,4678,5125,887,0,17,663,13,22.5,1,10.00
20160511,4678,4751,4674,4692.5,5368,912,0,17,667,14,-31.5,13,7.47
20160512,4692.5,4770,4600,4622,8526,915,0,17,2395,15,-68.5,15,13.75
20160513,4628.5,4659,4594,4622,5894,914,0,17,890,14,-20.5,12,8.42
20160516,4619.5,4687,4596,4654.5,5580,896,0,17,1041,13,51,13,10.83
20160517,4656.5,4699.5,4612,4640,5312,856,0,17,1094,13,-24.5,8,9.86
20160518,4656,4667.5,4563.5,4634,6357,911,0,17,1183,13,-38,3,11.33
20160519,4601.5,4608,4540,4596,5805,876,0,17,1672,13,33,14,9.19
20160520,4595.5,4637.5,4566,4571,4492,848,0,17,673,13,42,8,9.47
20160523,4576,4588.5,4545,4565,4371,854,0,17,772,14,-26.5,5,8.33
20160524,4563,4635,4554.5,4586.5,5252,846,0,17,1124,14,30.5,9,10.69
20160525,4604.5,4677,4596.5,4676,4624,858,0,17,881,12,35.5,12,9.08
20160526,4665.5,4712,4653,4662,4778,858,0,17,768,13,-31.5,13,8.64
20160527,4662.5,4719.5,4640,4687,3660,835,0,17,499,13,28,7,9.03
20160531,4665,4696.5,4650,4654,3704,836,0,17,632,13,-19,6,5.94
20160601,4647.5,4647.5,4565.5,4606,5660,923,0,17,1071,15,26,15,9.31
20160602,4615.5,4620,4571.5,4597,4406,913,0,17,496,13,23.5,15,6.58
20160603,4594,4725,4594,4683,6391,823,0,17,1463,12,-34.5,13,10.22
20160606,4694,4748,4676,4676,4386,902,0,17,695,15,-37.5,15,8.78
20160607,4685.5,4704,4552,4558.5,6995,885,0,17,1019,12,-34.5,8,10.72
20160608,4568,4623,4565,4580,4854,900,0,17,526,14,23,11,8.50
20160609,4594.5,4633.5,4483.5,4538.5,5353,739,0,17,1539,12,-63.5,12,13.28
20160610,4527.5,4540,4487,4516,4115,763,0,17,716,13,-24.5,6,8.36
20160613,4518,4589,4495.5,4555,5662,899,0,17,838,13,50.5,1,12.28
20160614,4569.5,4570.5,4510.5,4530.5,3964,819,0,17,530,13,-28,6,7.56
20160615,4524.5,4690,4523.5,4645,7103,890,0,17,1039,9,48,9,12.25
20160616,4639.5,4646,4525,4544,5972,894,0,17,833,14,-35,10,11.36
20160617,4561.5,4594,4532,4550,4673,872,0,17,593,13,21.5,12,10.31
20160620,4580,4650,4566.5,4636.5,4241,846,0,17,570,14,37.5,14,11.42
20160621,4631.5,4700.5,4588,4699.5,5919,852,0,17,1437,15,-34,8,11.11
20160622,4697.5,4733.5,4657,4708,5910,948,0,17,841,14,33.5,6,9.19
20160623,4720,4795,4695,4774.5,6870,882,0,17,930,12,-19,1,8.31
20160624,4766,4778,4588,4698,9953,1014,0,17,1025,7,-72.5,2,19.61
20160627,4680,4751.5,4655.5,4705.5,5341,892,0,17,694,6,44.5,6,14.53
20160628,4714.5,4830,4698.5,4823.5,6019,936,0,17,708,12,36,1,9.28
20160629,4826.5,4847.5,4780.5,4840.5,4044,890,0,17,548,14,-20,2,9.11
20160630,4847,4865,4805,4850.5,4876,897,0,17,641,13,-24,7,8.92
20160701,4854.5,4936.5,4784,4905.5,5645,885,0,17,1113,15,41,14,12.94
20160704,4918.5,4960,4880,4885,4781,855,0,17,645,1,46,1,12.92
20160705,4897.5,4901,4787.5,4817.5,5854,879,0,17,870,13,-44,1,13.39
20160706,4817,4835,4713.5,4768.5,6335,929,0,17,751,8,-53,8,12.92
20160707,4761,4776,4685,4687,4225,826,0,17,681,15,32.5,8,9.89
20160708,4702,4737,4682,4689.5,3256,762,0,17,553,13,-35.5,13,9.42
20160711,4702,4788,4692,4743,3158,826,0,17,334,13,38,3,11.72
20160712,4744.5,4912,4744.5,4885.5,4362,772,0,17,651,13,59,15,15.22
20160713,4891,5032,4870,4936,7383,983,0,17,1280,3,55,2,12.50
20160714,4929,4975,4913.5,4938.5,3290,806,0,17,586,13,31.5,6,8.36
20160715,4934,5000,4915,4923,3700,768,0,17,929,13,28.5,2,8.56
20160718,4913.5,4944,4853,4935.5,3826,793,0,17,487,15,-28,6,12.67
20160719,4939,4990,4902.5,4984,3894,836,0,17,731,13,24,6,8.56
20160720,4977,4992.5,4900,4958.5,3933,802,0,17,581,13,37,6,13.58
20160721,4951.5,5000,4946,4980,3734,794,0,17,722,13,-40.5,8,8.19
20160722,4955.5,4997,4906,4922.5,3781,669,3,17,1029,14,-64,14,11.20
20160725,4930,4949.5,4875,4915.5,3476,742,0,17,866,14,-32.5,14,8.08
20160726,4908,4930,4859,4917,3680,812,0,17,795,13,40,13,8.94
20160727,4922,4935,4830,4834,3998,844,0,17,750,14,-34,14,9.50
20160728,4850,4916,4849.5,4899,3354,820,0,17,445,15,24,1,6.89
20160729,4898.5,4945,4848,4920,3733,814,0,17,706,15,43,14,11.14
20160801,4911,4965,4865.5,4872,3769,794,0,17,659,13,-23,13,7.72
20160802,4865,4959,4855,4886,4350,857,0,17,848,13,-48.5,14,11.28
20160803,4884.5,4902.5,4820,4868.5,4681,805,0,17,1037,13,-27.5,13,9.94
20160804,4884.5,4886,4786,4832,4802,855,0,17,773,13,27,15,7.92
20160805,4832.5,4849,4783,4796,3687,812,0,17,661,13,-12.5,8,5.53
20160808,4789,4842,4789,4809,3139,783,0,17,480,14,26,1,7.11
20160809,4799,4810,4761,4776.5,3396,806,0,17,437,12,-25.5,12,7.03
20160810,4776,4888.5,4776,4822,5063,846,0,17,770,12,32,11,12.67
20160811,4815.5,4855,4809.5,4848,2343,704,0,17,351,13,-18.5,7,7.42
20160812,4850.5,4864,4750.5,4752,4262,831,0,17,513,12,-21,8,9.36
20160815,4752,4782,4752,4772,3052,799,0,17,403,14,-21,6,7.00
20160816,4770,4828,4762,4813,3672,803,0,17,618,13,24,8,7.39
20160817,4806,4819,4763.5,4775,2530,727,0,17,398,14,-23.5,8,8.00
20160818,4784.5,4844.5,4780.5,4809,3810,804,0,17,460,12,20,1,7.92
20160819,4806,4818.5,4782,4808,3015,789,0,17,463,13,-18,7,5.11
20160822,4809.5,4809.5,4735,4748.5,4429,825,0,17,686,12,25,13,7.67
20160823,4759,4770,4694,4706,4421,823,0,17,736,13,-29,15,5.67
20160824,4703.5,4717.5,4622.5,4629,4788,922,0,17,687,15,-24,15,6.36
20160825,4631.5,4655.5,4620,4627,3178,889,0,17,388,13,-20.5,12,6.31
20160826,4625,4665.5,4615,4620.5,3860,843,0,17,959,14,10.5,1,4.75
20160830,4625.5,4646.5,4600,4609,2987,845,0,17,499,14,-23.5,6,4.92
20160831,4620,4641,4610,4618,2631,785,0,17,407,13,14.5,7,5.67
20160901,4619.5,4657,4612,4625,3359,796,0,17,456,13,-13,13,4.53
20160902,4627,4650,4615,4615,3384,812,0,17,589,13,16.5,1,6.11
20160905,4618.5,4642,4610,4626.5,2287,714,0,17,368,13,-12,6,4.44
20160906,4627,4656,4619.5,4636,2787,815,0,17,406,13,-15,13,4.78
20160907,4640.5,4688.5,4633,4651,3241,825,0,17,540,14,34.5,2,9.19
20160908,4648.5,4670,4630,4664.5,2643,751,0,17,450,15,25,15,5.94
20160909,4665,4671.5,4625,4630.5,2815,790,0,17,472,14,-21.5,11,6.36
20160912,4630,4660,4582,4659,4095,856,0,17,482,13,-30,1,7.17
20160913,4662,4692,4635,4662.5,3305,794,0,17,633,14,21.5,8,6.86
20160914,4653,4781.5,4653,4772,4781,876,0,17,721,15,31.5,15,9.39
20160915,4765,4787.5,4744,4780,3104,756,0,17,424,14,-15,7,5.39
20160916,4782.5,4794.5,4747.5,4777,2664,705,0,17,406,14,-19.5,8,4.86
20160919,4769.5,4777,4732.5,4767.5,3272,820,0,17,445,1,-15.5,1,4.00
20160920,4761,4800,4746,4781,2967,777,0,17,534,15,16.5,14,6.39
20160921,4789,4789,4754,4767,2393,803,0,17,326,13,-12,1,3.61
20160922,4779,4858.5,4779,4845,3739,883,0,17,531,13,25.5,1,6.17
20160923,4845,4869,4826.5,4856,3386,815,0,17,566,14,22,6,6.83
20160926,4863.5,4865,4813.5,4844.5,2608,802,0,17,333,13,-21,8,5.83
20160927,4838,4845,4770.5,4797,3447,819,0,17,788,13,-24,8,7.00
20160928,4796.5,4832,4790.5,4830,2458,758,0,17,310,15,15,7,5.75
20160929,4844,4860,4812,4825,3276,824,0,17,425,15,23.5,13,6.89
20160930,4831,4889,4815,4877.5,3775,792,0,17,763,12,14.5,12,5.36
20161003,4865,4887,4783.5,4833.5,3400,729,0,17,742,13,-38,11,9.25
20161004,4838,4839.5,4780,4790,3287,709,0,17,452,12,-20,6,9.67
20161005,4790.5,4814,4773,4797,2286,672,0,17,287,15,26.5,8,7.58
20161006,4789,4798,4750,4760,2530,639,0,17,402,12,-19.5,7,6.39
20161007,4757.5,4816,4750,4790,3299,721,0,17,654,12,-25.5,15,7.14
20161010,4794,4860,4784,4844,3008,808,0,17,446,14,24,13,7.11
20161011,4851,4856,4797,4825,3357,808,0,17,737,14,-14,14,6.72
20161012,4829.5,4842,4806.5,4808,2218,722,0,17,472,13,-10,15,3.03
20161013,4810,4818,4687.5,4715,6023,866,0,17,1874,12,-67,12,8.94
20161014,4710,4730,4674.5,4675.5,3771,893,0,17,493,13,-16.5,9,7.08
20161017,4676,4704.5,4673,4674,2745,831,0,17,342,13,-15.5,7,5.56
20161018,4681,4714,4672.5,4675,2976,839,0,17,528,13,-15,7,5.28
20161019,4674,4685.5,4640,4670.5,3552,814,0,17,728,13,31,14,5.47
20161020,4671,4691.5,4633,4652,2943,792,0,17,602,14,-22,7,4.94
20161021,4653,4664.5,4633.5,4644,2591,791,0,17,319,12,19,13,7.00
20161024,4640,4670,4634,4643.5,2710,785,0,17,397,13,-17,6,4.86
20161025,4649,4754.5,4646.5,4738,5796,920,0,17,1086,13,25,5,9.33
20161026,4735.5,4759,4713.5,4756.5,2829,783,0,17,520,13,-13.5,3,4.17
20161027,4747.5,4797,4721,4788,3576,801,0,17,486,13,24,10,7.75
20161028,4785.5,4850,4775,4845.5,4304,921,0,17,607,13,19,12,5.78
20161031,4852,4878,4820,4862,4373,887,0,17,589,14,-22.5,0,6.78
20161101,4865.5,4922,4850,4914,5186,893,0,17,803,13,28,13,8.81
20161102,4915,4923.5,4866,4905.5,4526,897,0,17,545,11,-28,0,8.75
20161103,4905,4965.5,4894.5,4957.5,4271,843,0,17,831,12,14,13,5.75
20161104,4954,5003,4928,4992,4048,840,0,17,780,13,-21.5,0,6.56
20161107,4980,5098,4973,5094.5,7136,977,0,17,840,13,47.5,5,11.92
20161108,5090,5250.5,5051,5247.5,8928,945,1,18,2610,15,59.5,15,18.03
20161109,5230,5443,5115,5420.5,16415,1043,1,18,2471,8,181,7,29.31
20161110,5417,5714,5410,5617,13922,970,1,18,2507,13,161,1,33.28
20161111,5615.5,6025.5,5506,5559,24745,1005,1,18,4860,14,-234,14,54.53
20161114,5557,5736.5,5528.5,5564,9838,963,1,18,1083,13,90.5,1,28.67
20161115,5563.5,5674,5360,5522.5,10309,933,1,18,1412,6,-106.5,5,30.83
20161116,5521,5543,5400.5,5451,7159,907,1,18,1053,13,-46.5,15,16.50
20161117,5433,5529.5,5381.5,5476,6431,885,1,18,1170,14,52,7,19.78
20161118,5465,5513,5401.5,5435,6453,896,1,18,1073,13,-62.5,15,21.28
20161121,5446.5,5594,5438,5559,5427,900,1,18,749,13,35.5,1,15.97
20161122,5566,5687,5566,5612,6334,904,1,18,1063,13,67,1,16.56
20161123,5609,5786,5562,5768,7066,855,1,18,1810,15,118,15,18.50
20161124,5798,5957.5,5770,5863,8828,904,1,18,1844,13,107,13,24.33
20161125,5893.5,5919,5804,5919,6331,896,1,18,888,13,-87.5,1,18.81
20161128,5881,6045.5,5820.5,5874.5,9165,915,1,18,1530,13,-84,13,26.53
20161129,5859,5885,5697,5739.5,9989,935,1,18,1809,13,52,7,20.14
20161130,5730,5845,5612.5,5795,10290,959,1,18,1392,13,76.5,13,24.17
20161201,5800,5870,5751,5795,6060,890,1,18,924,13,54.5,5,18.61
20161202,5790,5805,5713,5789,4547,835,1,18,653,13,31.5,6,11.06
20161205,5766.5,5969,5726,5927.5,5085,877,1,18,1017,13,78.5,13,17.06
20161206,5923.5,5951.5,5831,5872.5,4556,856,1,18,627,1,-28,8,12.56
20161207,5886,5950,5780,5830,6021,863,1,18,1274,15,-69.5,14,19.17
20161208,5818,5875,5745.5,5780,5725,836,1,18,837,14,-67.5,14,14.83
20161209,5772,5866.5,5764.5,5830,3946,786,1,18,810,13,60.5,2,12.89
20161212,5882,5910,5755.5,5760,4713,818,1,18,551,13,-70,9,14.33
20161213,5732.5,5790,5655.5,5720.5,5489,911,1,18,921,14,-69.5,14,17.22
20161214,5689.5,5765,5665.5,5746,3959,802,1,18,937,8,-29,13,7.86
20161215,5718,5776.5,5673,5725,4440,846,1,18,693,13,42,15,13.17
20161216,5733.5,5751,5624,5640,3461,761,1,18,562,14,-35,6,9.03
20161219,5620,5640,5459,5505,5141,877,1,18,1128,14,-46,14,15.28
20161220,5497.5,5534,5475,5515,3462,808,1,18,536,13,46,9,10.14
20161221,5520,5559.5,5498,5505,2831,764,1,18,345,15,33.5,1,11.83
20161222,5507,5532,5419.5,5529,4196,847,1,18,913,14,85.5,14,12.50
20161223,5539,5571,5464,5469.5,2631,710,1,18,316,13,30,5,9.69
20161228,5560.5,5596,5480,5515.5,4558,837,1,18,616,16,29.5,14,11.78
20161229,5520,5568,5477,5495,2612,693,1,18,497,15,35.5,6,11.72
20161230,5495.5,5550,5493,5516,2475,759,1,18,369,16,26,5,8.42
20170103,5542.5,5616,5480.5,5481.5,5012,843,1,18,773,14,-49,13,15.61
20170104,5492,5645,5450.5,5635,4944,857,1,18,1446,13,96.5,13,14.06
20170105,5640,5698,5576.5,5582.5,4168,849,1,18,676,16,34,5,15.86
20170106,5584.5,5614,5536.5,5595,3630,810,1,18,710,13,35,16,11.14
20170109,5604,5618.5,5551,5590,3991,781,1,18,881,16,-22.5,13,8.94
20170110,5590,5779,5573.5,5745,7413,887,1,18,1497,13,48,13,14.11
20170111,5756,5788.5,5711.5,5723,4977,850,1,18,718,15,-34.5,16,12.44
20170112,5726,5884,5725,5876,7438,720,6,18,1026,10,-85,10,28.77
20170113,5860,5917,5808.5,5910,6419,893,1,18,1338,15,41.5,15,12.61
20170116,5929,5930,5832,5843,4048,797,1,18,666,14,-30.5,8,11.50
20170117,5850,5855,5727.5,5776.5,5940,902,1,18,963,16,-57.5,3,19.47
20170118,5766.5,5788,5735,5759,4020,840,1,18,518,14,24,8,8.97
20170119,5760,5793.5,5668,5740,4568,818,1,18,1002,10,-49.5,10,11.00
20170120,5746,5813.5,5693,5757.5,4285,753,1,18,736,15,-46,16,14.03
20170123,5760,5860,5759,5810,3892,805,1,18,477,15,84.5,1,15.61
20170124,5807.5,5956.5,5803,5945.5,6655,830,1,18,1003,13,28.5,10,11.67
20170125,5951,5973,5886.5,5945,6153,907,1,18,885,15,-36.5,9,11.00
20170126,5953,5981.5,5819,5850,5403,791,1,18,1619,16,-54.5,16,14.44
20170127,5831,5903,5825,5899.5,3335,751,1,18,647,16,35.5,16,9.86
20170130,5901.5,5912,5785,5850,3374,637,1,18,817,15,-33.5,14,13.92
20170131,5854,5998.5,5837.5,5980,5205,765,1,18,834,16,54.5,16,10.39
20170201,5976,6007,5931,5948,4425,763,1,18,629,15,-38,8,10.17
20170202,5963,5976,5853,5906.5,4419,696,1,18,864,13,-36,12,9.64
20170203,5910,5912.5,5755,5765.5,6618,902,1,18,910,14,-50,1,13.75
20170206,5765,5855,5765,5845.5,4321,844,1,18,676,16,29,1,9.47
20170207,5843,5854,5782.5,5807,3781,771,1,18,553,14,-21,16,9.22
20170208,5805.5,5925,5802,5867.5,4890,877,1,18,830,13,77,1,12.06
20170209,5876,5894,5814.5,5848,4766,829,1,18,759,13,-40,15,10.50
20170210,5837.5,6091,5810,6087.5,10375,894,1,18,2573,14,104,14,21.06
20170213,6090,6204,6086.5,6127,8565,936,1,18,1221,1,88,1,17.61
20170214,6120,6190,5981.5,6021,9020,858,1,18,2416,13,-70.5,13,15.50
20170215,6026.5,6074.5,5992,6053,6609,853,1,18,1278,13,27.5,15,13.31
20170216,6051.5,6098,5957,5990,7224,846,1,18,1842,14,-61,14,14.47
20170217,5984,6038,5920,5970,5297,861,1,18,747,14,-31,10,11.94
20170220,5977.5,6105,5958,6070,4247,792,1,18,733,18,31.5,15,7.86
20170221,6070.5,6093,6031,6056,3814,821,1,18,619,14,-31.5,3,9.92
20170222,6053,6066.5,5986,6027,4848,822,1,18,680,13,-40.5,10,9.17
20170223,6042,6042,5838.5,5853,7048,831,1,18,1706,15,-71.5,15,18.00
20170224,5854,5956,5845,5914,6206,905,1,18,1432,15,58.5,15,11.83
20170227,5934.5,5954.5,5877,5939.5,4220,823,1,18,646,14,-53,14,14.28
20170228,5932,5994.5,5898.5,5979.5,4344,836,1,18,1192,15,33.5,15,8.75
20170301,5982,6090,5955,6012,6129,917,1,18,1101,15,-44.5,15,15.22
20170302,6020,6035.5,5908.5,5927.5,4762,770,1,18,946,15,-22,8,8.86
20170303,5918,5958.5,5901,5939,4396,887,1,18,670,13,22,17,9.67
20170306,5934.5,5950,5835,5855,5498,873,1,18,761,13,-33,6,9.58
20170307,5855.5,5876,5759,5779.5,5946,876,1,18,1071,15,-35,15,10.56
20170308,5773.5,5816.5,5731,5738.5,5186,946,1,18,609,14,-22,17,9.33
20170309,5741.5,5743.5,5652,5694.5,6539,955,1,18,863,14,-22.5,5,10.56
20170310,5692.5,5778,5687.5,5734,5529,905,1,18,917,13,48.5,13,14.53
20170313,5749,5824,5743,5799,4010,858,0,17,588,12,25.5,5,8.72
20170314,5795.5,5843,5735,5835,5018,819,0,17,1129,13,86,13,16.25
20170315,5835.5,5901,5814.5,5888,3900,807,0,17,646,12,35,7,11.08
20170316,5895,5948.5,5889,5910,4822,836,0,17,750,0,-27.5,12,5.39
20170317,5899.5,5945,5863,5940,3597,794,0,17,479,12,-26,4,8.47
20170320,5918.5,5950,5850,5865,4127,775,0,17,1026,14,-55.5,14,13.08
20170321,5866,5870,5761,5771,5850,889,0,17,1046,14,-42,0,14.56
20170322,5768.5,5838,5715,5837.5,5227,915,0,17,839,14,-33.5,0,9.67
20170323,5834,5855,5768,5853.5,4916,841,0,17,1031,12,20,15,7.86
20170324,5839.5,5840,5776.5,5815,3290,765,0,17,530,14,-46,0,10.36
20170327,5800,5810,5671,5800,6839,845,0,17,1367,13,79,15,15.39
20170328,5799,5903,5769,5873,5594,854,0,17,1376,15,53,15,11.61
20170329,5891,5927.5,5858,5905,5879,870,0,17,946,14,-28,1,11.11
20170330,5899.5,5985,5851,5915,6963,809,0,17,1478,15,-64,16,18.86
20170331,5886.5,5915,5810.5,5861,6053,887,0,17,1091,12,-25.5,12,9.36
20170403,5847,5872,5749,5758,5009,680,0,17,1307,14,-71,14,11.22
20170404,5759.5,5783,5730,5783,3347,751,0,17,427,13,15,8,5.69
20170405,5784.5,5944,5778,5924.5,8167,902,0,17,1597,12,48.5,12,15.61
20170406,5901,5932,5848,5878,5334,811,0,17,1399,13,-30,15,7.56
20170407,5857,5895.5,5752,5847.5,6445,824,0,17,1077,14,50,14,15.31
20170410,5826.5,5832,5742,5755,4839,817,0,17,1133,13,-31,1,9.64
20170411,5746.5,5792,5710,5768,5968,864,0,17,1529,13,50.5,15,10.31
20170412,5759.5,5768.5,5615,5624.5,8799,877,0,17,1721,15,-29,15,12.39
20170413,5625,5732.5,5624.5,5682.5,5158,889,0,17,861,13,35,5,10.53
20170418,5725.5,5739.5,5568.5,5605,6319,832,0,17,1209,14,-33,15,12.64
20170419,5596,5675.5,5530,5595,7617,916,0,17,1616,15,-78.5,15,20.00
20170420,5591,5658,5555.5,5635.5,5715,867,0,17,958,14,33.5,8,9.25
20170421,5643,5686.5,5598.5,5637.5,4660,875,0,17,939,13,-27,13,11.14
20170424,5672,5686.5,5613,5655,3915,771,0,17,689,15,-22.5,11,9.78
20170425,5653,5722,5634.5,5714,4294,794,0,17,822,13,49.5,2,10.28
20170426,5702.5,5738,5693.5,5734.5,4056,776,0,17,676,13,-19,6,5.06
20170427,5720,5728,5656,5715,4107,797,0,17,1090,14,-50,14,10.94
20170428,5714.5,5750,5700,5735,4514,839,0,17,1010,13,22.5,13,4.97
20170502,5800.5,5820,5761.5,5806,4728,918,0,17,570,13,-17.5,8,7.14
20170503,5790,5792,5591.5,5603,8002,836,0,17,1204,14,-59,7,12.83
20170504,5580,5614,5494,5540.5,7567,925,0,17,1261,13,-41,12,9.69
20170505,5545.5,5591,5524,5585,5618,884,0,17,1157,14,39,14,12.31
20170508,5607,5609,5462.5,5497.5,5779,858,0,17,1131,13,-85,1,13.97
20170509,5499,5554,5477,5513.5,3830,806,0,17,804,13,-27,15,7.86
20170510,5507.5,5540,5481.5,5510,3467,775,0,17,517,13,-23,5,9.08
20170511,5509.5,5627.5,5491.5,5538.5,5066,831,0,17,1237,13,-65,13,13.06
20170512,5541.5,5575,5529,5568,3264,800,0,17,510,13,-22,13,7.31
20170515,5560.5,5637,5560.5,5606,2970,747,0,17,536,13,-20.5,13,9.47
20170516,5597,5625,5563,5621,3418,784,0,17,719,13,-20,1,7.72
20170517,5606,5640,5573,5611.5,4284,797,0,17,800,13,-35.5,8,9.19
20170518,5599,5600,5485,5583,6334,849,0,17,1270,14,37,14,13.28
20170519,5589,5694.5,5575.5,5687.5,5494,825,0,17,966,13,35,13,8.53
20170522,5680.5,5720,5654,5718,3743,829,0,17,658,14,-23,2,8.19
20170523,5715.5,5724.5,5666,5724,3634,821,0,17,533,13,-21.5,5,7.08
20170524,5712,5713,5635.5,5703,5240,899,0,17,1573,7,21.5,12,8.61
20170525,5685.5,5768.5,5672,5729.5,4985,761,0,17,1888,13,59,13,9.67
20170526,5724,5738.5,5631.5,5662,3842,827,0,17,837,12,-39.5,11,8.94
20170530,5650.5,5667,5602,5658,2688,702,0,17,351,13,-29.5,6,5.92
20170531,5660,5702,5633,5693,4746,843,0,17,627,14,28.5,14,8.06
20170601,5691,5720.5,5651,5702.5,4738,840,0,17,800,13,-24,9,7.03
20170602,5688.5,5690.5,5575,5688,6744,867,0,17,1183,13,51.5,13,12.97
20170605,5658,5674,5606.5,5648,3252,740,0,17,542,13,-45.5,7,11.39
20170606,5637,5659.5,5553,5618,6119,817,0,17,1489,13,57,13,11.61
20170607,5616,5644,5588,5625,4204,843,0,17,733,14,-39,6,10.11
20170608,5625,5747,5611,5746.5,6947,858,0,17,1235,14,39.5,3,12.25
20170609,5743,5832,5719,5830,5710,828,0,17,1186,8,31.5,8,9.22
20170612,5823,5825,5750,5763.5,4002,856,0,17,689,15,-22,8,7.53
20170613,5764.5,5782,5689,5730,4135,783,0,17,625,13,-26,6,7.36
20170614,5718,5745,5655.5,5667,4415,779,0,17,921,14,-25,14,9.72
20170615,5645,5708,5642,5674,4401,881,0,17,496,13,26.5,1,9.33
20170616,5668,5700.5,5647.5,5673,3139,792,0,17,424,13,29.5,1,7.22
20170619,5669,5742,5658.5,5726,3502,782,0,17,582,15,25.5,8,6.11
20170620,5728,5735,5642,5668,4477,799,0,17,1100,12,27,5,8.94
20170621,5660,5763,5630,5725,5394,846,0,17,944,13,35,12,11.89
20170622,5741.5,5775,5690,5741,4805,791,0,17,618,0,47.5,8,10.42
20170623,5742,5854.5,5723.5,5800,5516,773,0,17,850,6,73.5,6,11.00
20170626,5784.5,5843.5,5775,5801.5,3605,748,0,17,508,13,39.5,6,8.44
20170627,5798,5868,5779.5,5846.5,4289,806,0,17,787,13,28,6,7.97
20170628,5843,5883.5,5824.5,5879,4122,838,0,17,508,13,-22.5,8,8.56
20170629,5881,5963.5,5875.5,5925,6218,879,0,17,906,1,42.5,1,10.61
20170630,5928.5,5965,5892,5959,4605,862,0,17,561,8,-37,8,9.03
20170703,5946,5957,5898,5915,4111,815,0,17,545,13,-27.5,8,8.33
20170704,5909,5912.5,5865,5887.5,2929,775,0,17,356,6,-20.5,1,5.47
20170705,5888.5,5909,5815,5850,4656,802,0,17,755,8,-26,8,7.42
20170706,5846.5,5872,5831,5848.5,3333,772,0,17,456,13,15,8,6.72
20170707,5844,5869,5811,5831,3526,741,0,17,597,12,19.5,6,6.83
20170710,5838,5853.5,5792,5836.5,2977,768,0,17,405,13,20,15,6.14
20170711,5830,5890,5816,5877,4022,804,0,17,783,15,27.5,6,9.11
20170712,5884.5,5933,5883,5903.5,4226,846,0,17,781,13,25,8,5.11
20170713,5902.5,5930,5859,5864.5,3828,772,0,17,1065,13,-43,13,6.50
20170714,5873.5,5932,5864.5,5928,3740,768,0,17,658,13,35.5,13,7.97
20170717,5926,6022.5,5910.5,6004.5,5317,856,0,17,697,12,35,5,9.47
20170718,5996,6015,5967,6004,3404,802,0,17,452,6,-29,5,8.06
20170719,6001,6020,5963.5,5966,3175,740,0,17,574,14,20.5,6,7.44
20170720,5962,5993.5,5945.5,5975,3499,775,0,17,636,15,-20.5,15,8.17
20170721,5977.5,6051,5972,5997,4328,791,0,17,599,15,33.5,5,7.58
20170724,5993,6034,5985,6033.5,2648,752,0,17,385,13,17,11,5.42
20170725,6029.5,6280,6025.5,6261,9635,938,0,17,1720,13,61.5,2,17.08
20170726,6255.5,6400,6235,6306.5,10198,959,0,17,1099,6,86.5,2,23.28
20170727,6314.5,6378,6300.5,6320,5554,890,0,17,793,13,-25.5,2,11.36
20170728,6320,6348.5,6258,6344.5,5207,908,0,17,746,13,-40,3,11.03
20170731,6344.5,6430,6340,6373,5924,906,0,17,743,13,51,1,10.86
20170801,6371.5,6392.5,6313,6347.5,4860,838,0,17,822,15,-15,5,7.28
20170802,6337.5,6365,6308,6354,4536,827,0,17,659,14,25,15,6.36
20170803,6349,6375.5,6302,6345,4313,833,0,17,546,6,-41,6,9.78
20170804,6347.5,6385.5,6317,6362,4921,825,0,17,867,14,40,15,9.86
20170807,6367.5,6447.5,6336.5,6418.5,7391,789,0,17,1951,13,56,13,10.17
20170808,6419,6493,6378.5,6481.5,5947,857,0,17,1503,15,61,15,10.92
20170809,6482,6515,6431,6455,6085,854,0,17,1078,15,22,6,7.67
20170810,6456,6479,6382,6402,5141,835,0,17,1349,13,-45.5,13,9.11
20170811,6393,6432,6336.5,6427,5966,896,0,17,936,13,-33,1,7.89
20170814,6430,6445.5,6376.5,6404,4014,856,0,17,493,13,-17,6,7.56
20170815,6405.5,6431.5,6355,6363,3947,770,0,17,1227,13,-40,13,6.64
20170816,6361.5,6576.5,6355,6526.5,7787,871,0,17,1806,14,56.5,14,16.22
20170817,6534.5,6580,6468,6472.5,5173,877,0,17,694,13,32.5,6,12.06
20170818,6444,6536,6438,6481,6399,854,0,17,2176,13,-40.5,13,9.67
20170821,6477,6623,6473,6574,6931,824,0,17,1368,14,40.5,14,12.06
20170822,6580,6649,6545,6587.5,6263,848,0,17,1244,13,57,6,15.36
20170823,6592,6597,6535,6583.5,4932,865,0,17,801,13,-31,1,8.97
20170824,6586.5,6731.5,6576,6696,6217,828,0,17,1982,15,60.5,14,12.58
20170825,6702.5,6747,6662,6704,5730,818,0,17,1333,13,-53.5,13,12.92
20170829,6745,6843.5,6745,6804.5,5970,933,0,17,740,13,39.5,1,12.14
20170830,6797.5,6833,6761.5,6776,4119,843,0,17,589,13,-28.5,6,9.42
20170831,6770,6872,6770,6815,4836,841,0,17,884,7,27,7,10.11
20170901,6818,6847,6779,6846,3743,812,0,17,638,13,22.5,14,7.17
20170904,6860,6924,6850,6923,4069,829,0,17,606,1,22.5,0,7.56
20170905,6919,6970,6835,6861,4850,857,0,17,642,6,-42,16,9.83
20170906,6870,6926,6864.5,6923,4875,882,0,17,746,13,18,8,8.72
20170907,6925,6929,6836,6915,5456,831,0,17,1110,13,-28,5,9.00
20170908,6918.5,6949,6669,6680.5,8939,900,0,17,2013,6,-59,6,21.72
20170911,6687,6774,6671.5,6747,5263,909,0,17,715,14,-25.5,13,9.11
20170912,6753.5,6755,6635.5,6672,5206,856,0,17,860,13,-36.5,1,12.31
20170913,6678.5,6693,6529,6555,6602,891,0,17,975,13,-34,9,12.36
20170914,6555,6568,6452.5,6504.5,7502,891,0,17,1212,13,-30,5,9.36
20170915,6509,6541.5,6453,6488,5822,902,0,17,761,15,45,15,12.33
20170918,6506.5,6584.5,6502,6532,5088,886,0,17,701,13,27.5,8,12.75
20170919,6542,6564,6506.5,6533.5,4394,851,0,17,640,13,21,9,7.19
20170920,6539.5,6584,6506,6535,4133,822,0,17,719,14,-28.5,8,8.42
20170921,6513,6517.5,6426,6456,5578,883,0,17,754,13,-38.5,1,10.94
20170922,6442,6480.5,6366,6476.5,5402,891,0,17,697,1,-41,1,11.47
20170925,6485.5,6510.5,6435.5,6462.5,3627,799,0,17,563,13,-17.5,1,6.67
20170926,6475,6527,6401,6433,4508,859,0,17,870,13,-26,14,10.72
20170927,6417.5,6491.5,6413.5,6445.5,4142,818,0,17,734,14,-26,11,11.22
20170928,6446,6575,6394,6552.5,6334,873,0,17,1387,15,50.5,15,18.75
20170929,6548,6581,6481,6501,4673,880,0,17,694,6,-38,1,15.50
20171002,6539.5,6545,6463,6493,3112,753,0,17,437,15,-34,7,8.14
20171003,6490.5,6537,6439.5,6513,2838,759,0,17,361,13,27.5,7,9.36
20171004,6509,6538,6485.5,6511,2332,666,0,17,331,11,24.5,11,9.22
20171005,6510,6708.5,6504.5,6689.5,4656,692,0,17,1128,12,93,12,13.92
20171006,6692,6724,6642,6654,3518,764,0,17,417,12,-21,11,8.56
20171009,6652.5,6685,6629.5,6667.5,3795,833,0,17,671,1,38,1,8.72
20171010,6675,6760.5,6672,6752.5,4951,844,0,17,809,14,46.5,1,12.64
20171011,6746,6822,6722,6813.5,6229,854,0,17,1671,13,33,13,9.81
20171012,6810.5,6903,6788.5,6877.5,5103,863,0,17,734,13,35.5,13,9.89
20171013,6877.5,6918.5,6852.5,6893,5108,852,0,17,710,14,-23,14,8.58
20171016,6890.5,7177,6854,7130,11042,889,0,17,1927,6,78,5,23.53
20171017,7125,7137,7019.5,7040,6760,918,0,17,1087,13,-38,5,11.72
20171018,7052.5,7079,6981.5,6991,5818,880,0,17,957,13,-51.5,5,15.69
20171019,6989.5,7013,6905,6972.5,5332,831,0,17,762,13,-47,8,10.22
20171020,6977,7068.5,6920.5,6969.5,5807,866,0,17,1304,14,-91.5,14,16.53
20171023,6965.5,7022.5,6937.5,7012.5,4293,840,0,17,816,13,-41.5,6,10.83
20171024,7016,7123,7007.5,7043,5627,908,0,17,1226,13,-77,13,14.00
20171025,7039,7052.5,6925,7010.5,5297,817,0,17,1082,13,-79,5,12.97
20171026,7018.5,7045,6957.5,6999.5,3550,666,5,17,656,13,-25,13,11.38
20171027,6993,6993.5,6782.5,6843.5,7643,855,0,17,1678,13,-53,11,16.58
20171030,6820,6875,6820,6862.5,3324,672,5,17,476,12,16.5,15,7.35
20171031,6860,6921,6821.5,6862,4351,855,0,17,582,11,44,4,12.06
20171101,6867.5,7020,6867.5,6927,7690,925,0,17,1053,5,78,0,17.69
20171102,6938,6996,6873.5,6931,6216,850,0,17,1405,12,61.5,12,13.72
20171103,6955,6960.5,6857,6881,4055,630,5,17,937,13,-49,13,10.00
20171106,6940.5,7000,6935.5,6972,3927,664,6,18,1050,13,16.5,6,7.12
20171107,6954.5,6978,6812.5,6828.5,5176,692,6,18,873,13,-40.5,14,14.54
20171108,6833.5,6876.5,6780,6853,5135,917,1,18,635,14,-30.5,5,14.08
20171109,6792,6833,6761.5,6828.5,4153,696,6,18,605,15,-35.5,8,11.35
20171110,6837.5,6870.5,6780,6795,3753,825,1,18,403,13,32,5,11.03
20171113,6823.5,6932,6783,6898.5,5677,663,6,18,1817,14,69.5,14,14.23
20171114,6883,6893.5,6752,6772.5,5975,695,6,18,1815,15,-45,14,13.35
20171115,6769,6780,6713,6753,6117,955,1,18,788,15,42,15,14.83
20171116,6750,6813.5,6721,6754,3945,649,6,18,693,14,-25,16,9.08
20171117,6757.5,6802.5,6715,6800,3375,813,1,18,599,13,-22.5,12,10.14
20171120,6775.5,6845,6757.5,6838,3608,644,6,18,763,14,29,14,10.42
20171121,6832,6928.5,6821.5,6920,3867,687,6,18,727,13,37.5,14,10.69
20171122,6918.5,6957.5,6900,6938.5,4174,852,1,18,703,13,29,13,7.22
20171123,6940,6984,6911,6970,2496,600,6,18,598,14,24.5,13,9.46
20171124,6962,7023,6961,7017,3997,853,1,18,576,13,-16.5,13,7.56
20171127,6936.5,6951.5,6908,6929,3866,676,6,18,559,13,16.5,13,8.65
20171128,6847,6874.5,6797.5,6805,4889,717,6,18,749,14,-26.5,9,12.85
20171129,6812,6846.5,6737,6749.5,6442,901,1,18,1208,14,-32.5,8,11.64
20171130,6758.5,6806.5,6728,6770.5,4079,675,6,18,593,14,-32.5,16,13.38
20171201,6778,6876,6751,6816.5,5930,853,1,18,1179,15,62,15,11.19
20171204,6857,6861,6795,6806.5,3084,673,6,18,488,13,-18.5,9,9.35
20171205,6797,6801,6507.5,6531.5,11708,767,6,18,2795,14,-61.5,6,23.42
20171206,6530,6604.5,6525,6550.5,6392,974,1,18,885,13,29,13,11.69
20171207,6561.5,6620,6526.5,6559,4661,706,6,18,794,13,46,9,13.19
20171208,6565,6617.5,6546.5,6577.5,4134,913,1,18,570,13,27.5,3,6.97
20171211,6593.5,6673,6554,6654,4445,661,6,18,1203,15,55.5,15,15.50
20171212,6657,6689,6630,6677.5,3684,673,6,18,820,13,-18,14,6.50
20171213,6671.5,6748,6655,6742,4443,835,1,18,776,13,27.5,9,7.36
20171214,6725.5,6847,6712,6784,4610,668,6,18,838,8,73.5,8,13.81
20171215,6786,6913,6762,6901,6860,858,1,18,1410,15,41,14,14.78
20171218,6878.5,6934,6858,6932.5,4048,720,6,18,591,13,18,17,7.38
20171219,6876,6953.5,6861,6937,4316,691,6,18,856,14,24,14,7.08
20171220,6927,7070.5,6914.5,7048,7075,872,1,18,1442,13,53,13,12.67
20171221,7031,7088,7005,7085.5,4900,711,6,18,1131,13,25.5,14,11.12
20171222,7072,7139,7034.5,7136,4839,897,1,18,941,13,42.5,13,10.94
20171227,7167,7259,7150,7219,6375,907,1,18,1104,14,-43.5,15,14.00
20171228,7255,7312.5,7251,7286.5,4343,677,6,18,911,6,41.5,6,10.96
20171229,7281,7291.5,7176.5,7251.5,4009,845,1,18,744,12,-31,12,11.08
20180102,7250,7285,7196,7216.5,4543,880,1,18,583,16,39,6,11.58
20180103,7188.5,7194.5,7132.5,7174.5,4120,690,6,18,678,13,-31,14,10.54
20180104,7166,7265,7150,7185.5,5305,907,1,18,815,14,58,5,12.42
20180105,7177,7193,7107,7118,4428,669,6,18,1219,14,-45,14,11.92
20180108,7120.5,7160,7105,7125,3402,673,6,18,578,14,-24,8,9.88
20180109,7132,7187.5,7086,7105.5,4740,694,6,18,911,13,25.5,6,11.81
20180110,7103,7225,7098,7146,4943,873,1,18,794,11,42,11,11.06
20180111,7158,7185,7081,7128.5,4839,685,6,18,1124,15,-33,14,11.04
20180112,7133.5,7171,7100,7112.5,4626,868,1,18,781,13,-24,9,9.72
20180115,7244,7262,7191.5,7206,3577,664,6,18,577,8,-37.5,8,11.23
20180116,7164,7166,7035.5,7111.5,7426,749,6,18,921,13,-45.5,8,17.58
20180117,7106,7116,7027,7058.5,5504,892,1,18,909,14,-30.5,14,11.58
20180118,7080,7105,7051.5,7074.5,3619,684,6,18,509,14,-22,6,8.35
20180119,7083.5,7146.5,7041,7045,6503,915,1,18,1540,13,-65,13,13.58
20180122,7091.5,7116.5,7053.5,7077,3841,702,6,18,598,14,-17.5,14,7.58
20180123,7063.5,7099.5,6885,6901,9870,744,6,18,1669,13,-77.5,8,22.19
20180124,6919,7173.5,6912.5,7144.5,9621,980,1,18,1693,14,85,14,17.53
20180125,7193.5,7208,7110.5,7114,5684,715,6,18,959,14,-48,14,16.73
20180126,7094,7150,7061.5,7091,6245,907,1,18,1023,14,-22,15,10.33
20180129,7150,7169,7071.5,7089,3990,700,6,18,545,13,-23,11,10.62
20180130,7025.5,7109,6994,7080,5710,732,6,18,929,14,-38.5,14,10.81
20180131,7080.5,7165.5,7047.5,7101,5934,944,1,18,723,13,32.5,3,14.14
20180201,7102.5,7130,7063,7117,5248,723,6,18,679,16,37,8,13.50
20180202,7130,7188.5,7029,7079,8223,896,1,18,2026,15,-44,9,15.22
20180205,7091.5,7220,7070.5,7128,6432,734,6,18,1408,15,58,13,17.27
20180206,7074,7140,7049,7083,7437,747,6,18,1152,14,33,14,17.38
20180207,7121,7161,6865,6876,11896,967,1,18,2335,13,-81,13,19.94
20180208,6924,6930,6809,6859,8010,745,6,18,979,14,49.5,12,20.08
20180209,6840,6858,6733,6750,8422,990,1,18,1069,15,-45,15,15.33
20180212,6861.5,6889,6811,6862,4444,695,6,18,724,13,-45,7,11.35
20180213,6929,7025,6884.5,7017,6722,745,6,18,870,15,55.5,10,15.15
20180214,7018,7176.5,6965.5,7162.5,7982,889,1,18,1353,15,77,15,18.97
20180215,7190,7202,7125.5,7189,5317,699,6,18,833,15,44,16,12.00
20180216,7194.5,7253,7181,7184,5159,859,1,18,762,14,26.5,8,11.25
20180219,7174.5,7192.5,7088,7137.5,2561,597,6,18,401,12,36.5,16,12.46
20180220,7087,7116,7060,7076.5,3187,670,6,18,485,14,23.5,16,8.73
20180221,7081.5,7144.5,7034.5,7135,3495,723,1,18,641,14,39.5,17,11.81
20180222,7027.5,7193,7003.5,7170.5,5472,720,6,18,1662,13,99,13,20.85
20180223,7166,7167.5,7083.5,7110,4461,867,1,18,703,13,-18.5,9,8.17
20180226,7164,7179,7092,7111.5,3687,700,6,18,670,13,-23.5,11,8.96
20180227,7134.5,7138,6988.5,7028,5961,713,6,18,1445,13,-42,10,18.12
20180228,7020,7037.5,6923.5,6936.5,5958,915,1,18,1080,15,-38,15,10.03
20180301,6947.5,6950,6858.5,6887.5,5607,732,6,18,1101,15,47.5,15,21.00
20180302,6924,6960,6881,6916.5,5181,894,1,18,624,14,-49,14,14.53
20180305,6924,6930,6855,6925,4115,700,6,18,1000,15,48,15,14.08
20180306,6972,7029.5,6938.5,6992.5,3966,695,6,18,604,14,39,11,11.58
20180307,6972,6990,6905,6941,4616,892,1,18,579,13,21,2,8.83
20180308,6905,6929.5,6809,6823,4744,724,6,18,671,13,-25,8,10.38
20180309,6839,6971.5,6777,6957.5,7072,927,1,18,1035,14,77.5,14,16.42
20180312,6947,6947.5,6886.5,6915,4140,675,5,17,570,12,-29,5,12.15
20180313,6900,6959,6873.5,6952.5,4047,693,5,17,660,11,30.5,7,8.42
20180314,6939,7064,6925,6982,6622,882,0,17,834,12,-50.5,14,15.50
20180315,6969.5,6978.5,6890,6922,4552,664,5,17,1010,12,-33,11,10.81
20180316,6907.5,6974,6852,6889.5,4612,811,0,17,823,12,-46,12,12.39
20180319,6854,6880,6785,6832.5,4758,694,5,17,991,12,-32.5,7,10.73
20180320,6835.5,6865.5,6730,6756,5680,697,5,17,1793,12,-61,12,13.96
20180321,6755,6835,6702,6830.5,6535,908,0,17,1178,12,37,12,12.86
20180322,6818,6860,6674,6726.5,6438,707,5,17,1190,14,-43,12,18.27
20180323,6718.5,6719.5,6623.5,6649,7729,918,0,17,1230,0,-44.5,6,17.03
20180326,6575,6663,6536.5,6623.5,6444,724,5,17,1393,13,92.5,13,19.81
20180327,6699,6711,6623.5,6657.5,5024,713,5,17,732,13,-33,12,12.27
20180328,6649,6690,6605,6667,6683,872,0,17,1699,13,31,15,11.06
20180329,6698,6778.5,6695,6740.5,5801,727,5,17,988,13,35,5,11.42
20180403,6820,6827.5,6775,6810,5029,718,5,17,779,14,-22,13,10.54
20180404,6811,6822,6621.5,6713,8023,868,0,17,1409,14,-49,7,14.28
20180405,6734,6870,6721,6818.5,5475,691,5,17,1346,13,51,13,16.65
20180406,6772.5,6802,6732,6754.5,3981,802,0,17,638,15,-45.5,17,14.50
20180409,6785,6855,6782.5,6853.5,4533,694,5,17,925,13,35,6,13.35
20180410,6892,6973,6865,6968.5,5795,700,5,17,1067,13,49.5,11,10.12
20180411,6962.5,6987.5,6893,6911.5,6244,878,0,17,1518,13,-42,13,13.72
20180412,6858.5,6891.5,6772,6821,6571,733,5,17,844,8,-84,8,13.73
20180413,6805,6882.5,6802.5,6833.5,4379,831,0,17,689,14,29,1,9.14
20180416,6821,6936,6806,6883.5,4469,707,5,17,1132,13,55,13,12.35
20180417,6908,6908.5,6812.5,6873,4980,724,5,17,746,13,-41.5,7,13.92
20180418,6876.5,7075,6861,7036.5,9601,912,0,17,2459,13,66.5,10,17.33
20180419,7053.5,7112,6933,6962,7579,702,5,17,1374,13,-45,12,15.19
20180420,6967.5,7007.5,6920,6982.5,5285,880,0,17,551,12,-26.5,13,10.44
20180423,7028.5,7034.5,6858,6927.5,6399,675,5,17,1758,12,-108,12,22.00
20180424,6968,7050,6942.5,6982.5,6139,729,5,17,781,13,50,7,13.58
20180425,6985.5,7028,6948.5,6977.5,5601,818,0,17,1045,13,-23.5,1,10.72
20180426,6955,6986.5,6890,6967,5660,717,5,17,1096,13,42,13,18.08
20180427,6964.5,6970,6776.5,6812,6817,856,0,17,1010,12,-62.5,8,14.92
20180430,6831,6852,6783.5,6821.5,3715,656,5,17,692,12,-20,12,9.81
20180501,6792,6838,6710,6762,6212,702,5,17,1092,13,-45.5,13,18.92
20180502,6771.5,6856,6771.5,6817,5935,920,0,17,785,13,33.5,1,10.58
20180503,6814.5,6927.5,6805,6865,6419,726,5,17,828,7,54.5,7,18.27
20180504,6864,6892.5,6787,6845,4453,814,0,17,727,13,-27,7,11.22
20180508,6853,6870,6720,6814,7136,731,5,17,1441,15,-40.5,7,14.46
20180509,6820,6827.5,6766,6815.5,5062,870,0,17,680,14,-24,6,7.64
20180510,6843,6929.5,6797.5,6916.5,5855,714,5,17,753,12,55.5,8,16.27
20180511,6911,6947,6897,6921.5,3991,873,0,17,489,7,42,7,9.86
20180514,6940,6957,6850,6884,4366,695,5,17,725,8,-54,8,12.69
20180515,6855.5,6905,6765,6810,5436,715,5,17,1439,13,-57,12,18.04
20180516,6808,6850,6780.5,6844.5,4093,857,0,17,534,13,24.5,5,11.25
20180517,6856,6900,6833,6862,4067,698,5,17,644,7,56.5,7,14.77
20180518,6868,6881.5,6810,6824,4468,825,0,17,650,15,-56,15,11.56
20180521,6873,6923,6854.5,6898,4264,700,5,17,717,13,28,7,9.00
20180522,6884,6999,6876,6963,6146,729,5,17,1172,13,69.5,7,13.92
20180523,6957,6969.5,6805,6835,7478,903,0,17,1888,8,-66.5,8,13.11
20180524,6849,6913,6841.5,6910.5,3659,698,5,17,525,14,24,14,9.42
20180525,6904,6942,6840,6858,4322,818,0,17,634,13,-34.5,13,12.67
20180529,6875.5,6940,6825,6827,6260,733,5,17,863,7,-43,8,13.73
20180530,6821.5,6856,6727,6840,8758,966,0,17,1689,7,32.5,15,12.53
20180531,6853,6895.5,6801,6828,5805,728,5,17,843,13,-46.5,8,14.69
20180601,6840.5,6912,6826,6904.5,5797,914,0,17,1032,12,46,12,12.17
20180604,6923,6992,6891,6986.5,5065,702,5,17,787,13,-32,5,11.27
20180605,6961,7117,6958,7117,7927,737,5,17,1388,13,32,6,18.23
20180606,7122,7252,7092,7235,9605,958,0,17,1439,13,52.5,6,12.22
20180607,7284.5,7348,7232.5,7247,9594,765,5,17,1576,13,-54,16,23.88
20180608,7252.5,7333,7211,7305.5,7767,943,0,17,921,13,36,13,12.72
20180611,7295,7301,7212.5,7222,5268,721,5,17,748,13,-46.5,8,19.31
20180612,7224.5,7258,7192.5,7213,4304,710,5,17,538,13,26,5,14.81
20180613,7212.5,7259,7169,7241.5,4372,860,0,17,774,13,28,9,8.56
20180614,7207,7225.5,7156,7160,4498,714,5,17,623,13,-13,5,7.46
20180615,7143.5,7168.5,6996,7011.5,7050,902,0,17,1063,13,-56.5,12,14.94
20180618,6993.5,7027.5,6918,6972,4691,709,5,17,822,13,-32.5,13,16.50
20180619,6935,6939,6809,6825.5,9040,750,5,17,1444,6,-56.5,6,17.35
20180620,6819,6872,6772,6815.5,7712,946,0,17,839,13,-35.5,8,11.97
20180621,6804,6835,6772.5,6799.5,5779,743,5,17,666,15,23.5,17,11.12
20180622,6795.5,6831.5,6768,6801,4963,918,0,17,587,13,23.5,8,9.19
20180625,6810,6814,6702.5,6704,4656,725,5,17,662,6,-31,6,16.23
20180626,6723,6744,6692,6727,3784,701,5,17,706,13,-18.5,9,7.85
20180627,6723.5,6748,6667,6693,6482,926,0,17,933,13,-73.5,12,19.92
20180628,6695.5,6703,6589.5,6623,5536,724,5,17,1028,13,36,14,11.88
20180629,6636.5,6692.5,6610.5,6619,5079,952,0,17,517,13,39,2,8.97
20180702,6616.5,6616.5,6519,6571,4901,716,5,17,684,15,-30.5,5,12.65
20180703,6540,6612.5,6490,6509,5461,728,5,17,808,14,-41,14,14.38
20180704,6518,6566,6344,6403.5,7176,885,0,17,1337,13,-60,13,18.19
20180705,6406,6428,6306.5,6324,7152,932,0,17,1218,14,-38,14,14.89
20180706,6232,6337.5,6231,6308.5,6015,732,5,17,947,13,80,5,21.19
20180709,6400,6438,6362,6405,5449,722,5,17,1059,13,-25.5,7,11.77
20180710,6415.5,6417.5,6301,6345,4898,712,5,17,885,13,-33.5,7,16.88
20180711,6328,6328,6081,6135,12254,1006,0,17,2335,1,-121,0,21.83
20180712,6189,6247,6169.5,6215,5508,727,5,17,921,13,40,5,13.00
20180713,6227,6244,6156,6215,5285,903,0,17,703,13,25,14,9.44
20180716,6231,6234,6150,6192,3764,686,5,17,551,13,-52,8,14.77
20180717,6252.5,6259,6142,6160.5,4683,706,5,17,750,13,-29.5,5,15.38
20180718,6158.5,6194.5,6080,6180,5562,899,0,17,760,13,-54.5,5,14.03
20180719,6159.5,6159.5,5988,6054.5,6808,727,5,17,1467,7,-115,7,21.69
20180720,6071.5,6171.5,6007.5,6152,6474,932,0,17,848,10,-52.5,10,19.86
20180723,6143.5,6205.5,6128,6128,3785,716,5,17,598,13,-34,12,12.96
20180724,6155,6328,6141,6262,6511,714,5,17,1589,13,68,13,23.08
20180725,6269,6331,6241,6305.5,4784,857,0,17,715,13,34,5,13.25
20180726,6340,6340,6256.5,6281.5,4022,673,5,17,523,13,-36,7,12.88
20180727,6271.5,6325,6217.5,6244,4329,818,0,17,565,14,-39,16,13.81
20180730,6224,6266,6162,6245,4346,686,5,17,601,6,-37,6,14.92
20180731,6266.5,6341.5,6192,6322,5324,707,5,17,1831,13,38,13,13.19
20180801,6299.5,6299.5,6106,6124,6693,908,0,17,786,14,-47,8,15.42
20180802,6120.5,6177,6066,6139,5765,732,5,17,738,13,-67,9,14.65
20180803,6114.5,6236,6074.5,6176.5,6042,884,0,17,1166,11,83.5,11,18.11
20180806,6154,6161,6064,6105.5,4524,703,5,17,571,13,29,14,12.42
20180807,6134.5,6195,6123.5,6156.5,3562,686,5,17,531,7,-23,7,12.77
20180808,6171.5,6209.5,6129,6172.5,4256,891,0,17,623,13,28,14,9.67
20180809,6238,6308,6192,6198,5712,731,5,17,753,13,34.5,8,15.15
20180810,6199,6220,6126.5,6155,5164,920,0,17,750,5,38,14,12.56
20180813,6117,6183,6095,6129.5,4033,719,5,17,505,13,34.5,12,14.58
20180814,6128,6144,6024,6045,4976,706,5,17,1646,13,-66,13,14.69
20180815,6039,6043,5773,5831,11317,990,0,17,1789,14,-64,13,22.72
20180816,5875,5957.5,5855,5890.5,7833,767,5,17,1311,13,52.5,13,18.27
20180817,5893.5,5945,5864,5934,5551,905,0,17,614,6,31.5,12,12.03
20180820,5968,6033,5951,5989.5,5036,895,0,17,514,12,42.5,7,11.08
20180821,6005.5,6076,5994,6060.5,4164,891,0,17,480,13,36,8,10.56
20180822,6036,6056.5,5973.5,6010.5,4245,893,0,17,524,6,-35,6,9.86
20180823,5997.5,5999,5901.5,5965,5270,925,0,17,890,13,41.5,13,13.75
20180824,5969.5,6116.5,5963.5,6069,5155,887,0,17,973,13,27,14,13.25
20180828,6101.5,6167,6057.5,6132,5613,914,0,17,644,14,47.5,8,12.86
20180829,6129.5,6149.5,6071.5,6092,4086,883,0,17,443,13,-34,5,11.36
20180830,6093.5,6115,6010,6075.5,5606,893,0,17,1167,13,-53,13,12.39
20180831,6043.5,6070.5,5963.5,5990,5757,908,0,17,1017,15,-48,15,13.19
20180903,5977.5,6005,5945.5,5948,3331,862,0,17,379,1,-17.5,15,7.31
20180904,5952,5973,5800.5,5840,7591,958,0,17,1186,13,-37.5,13,13.78
20180905,5842.5,5891,5826.5,5882.5,5300,935,0,17,657,13,20,13,8.22
20180906,5890,5988,5870,5908.5,5960,954,0,17,881,8,76.5,8,15.36
20180907,5915,5947,5831,5880,6075,907,0,17,817,13,-57.5,3,15.33
20180910,5883,5910,5850,5890,3616,798,0,17,512,12,30.5,12,8.61
20180911,5890,5962,5805,5880,6842,873,0,17,1430,12,-53.5,12,14.83
20180912,5886,6012.5,5851.5,5997,7064,894,0,17,1681,15,73.5,15,19.50
20180913,5999.5,6074,5985,5990,6649,899,0,17,1338,14,-32,14,12.64
20180914,5996.5,6037,5896,5905.5,5577,860,0,17,935,16,-41.5,16,11.22
20180917,5872.5,5955.5,5861.5,5950.5,5485,923,0,17,865,14,-21,9,9.22
20180918,5858,6118.5,5855,6091,10407,969,0,17,1817,13,64,8,17.94
20180919,6108,6145,6068.5,6087,5517,946,0,17,632,13,30,2,11.17
20180920,6094.5,6124,6045.5,6115,5251,883,0,17,881,13,-36.5,8,11.75
20180921,6141.5,6382.5,6132.5,6337.5,10321,993,0,17,1631,13,78.5,13,18.94
20180924,6312.5,6375.5,6289,6298.5,6121,893,0,17,741,14,31.5,6,14.94
20180925,6292.5,6329,6213,6280.5,8103,968,0,17,1028,13,-51.5,1,14.33
20180926,6276.5,6317,6256,6289,4583,892,0,17,604,15,-23,11,8.81
20180927,6277,6290,6162.5,6179,5776,888,0,17,833,13,-30,13,13.83
20180928,6174,6268,6156,6259.5,5625,873,0,17,964,12,50,12,12.14
20181001,6255,6290,6152,6237.5,4953,799,0,17,921,15,63.5,15,17.58
20181002,6225.5,6356,6178,6253.5,7064,812,0,17,1584,13,-55,15,21.67
20181003,6271,6339.5,6254.5,6332,4202,777,0,17,566,14,44,16,11.44
20181004,6307,6393.5,6207,6228.5,5910,822,0,17,810,11,76,11,18.86
20181005,6234.5,6245,6152,6186.5,4616,806,0,17,625,15,26.5,12,10.56
20181008,6197,6224.5,6126,6196.5,5228,864,0,17,722,13,-31.5,12,14.08
20181009,6202,6303.5,6163,6295,6452,896,0,17,1055,15,65.5,15,18.17
20181010,6301,6310.5,6212,6218,5462,894,0,17,875,14,-31,8,10.39
20181011,6176.5,6300,6091.5,6273.5,10278,982,0,17,1619,13,62,13,19.22
20181012,6231.5,6335,6228,6288.5,6219,893,0,17,696,13,-32,7,15.17
20181015,6295,6342,6231.5,6239.5,5318,876,0,17,875,13,-39,15,12.08
20181016,6235.5,6252.5,6183.5,6233,5326,914,0,17,707,13,33.5,8,10.36
20181017,6230,6276,6175,6220.5,6604,871,0,17,1568,14,67,8,14.69
20181018,6214.5,6226,6121.5,6132,6471,897,0,17,1034,13,-40,9,10.03
20181019,6135,6242.5,6125.5,6222,5223,875,0,17,893,13,40,11,8.89
20181022,6226,6331.5,6211.5,6228.5,6380,922,0,17,987,7,-43.5,13,12.64
20181023,6216,6237.5,6148,6183,5983,917,0,17,911,14,-28,12,9.00
20181024,6193,6275.5,6171,6178,4977,892,0,17,638,3,53.5,3,11.78
20181025,6165.5,6227.5,6113.5,6197.5,6690,933,0,17,783,15,-42,1,13.06
20181026,6185,6191,6100,6182,6004,928,0,17,698,13,16,7,9.72
20181029,6199,6240,6127,6127,5030,901,0,17,728,11,-29.5,17,10.94
20181030,6127,6155.5,6014.5,6055,7091,893,0,17,1772,12,-37,15,14.72
20181031,6026.5,6057.5,5984,5999.5,5794,941,0,17,1085,15,-28,15,10.56
20181101,6008,6143,5974.5,6139,7345,893,0,17,1479,13,59,13,15.22
20181102,6129,6315,6089.5,6305,11659,970,0,17,1556,11,64.5,3,22.44
20181105,6295,6300.5,6171,6192.5,6266,959,0,17,673,13,-53.5,0,13.08
20181106,6198,6226,6134.5,6143.5,4319,868,1,18,636,15,-47.5,15,9.92
20181107,6155,6219.5,6136.5,6155,4373,910,1,18,523,14,33,3,12.50
20181108,6152,6170,6084,6144,4725,907,1,18,550,13,-48.5,9,10.89
20181109,6130,6135.5,6034,6039,4464,881,1,18,671,14,-36.5,14,11.61
20181112,6050.5,6085.5,6038,6042,3859,894,1,18,525,13,19.5,1,7.31
20181113,6030,6181,6016,6048,7179,941,1,18,1065,8,-62.5,9,18.00
20181114,6064.5,6123.5,6032,6100,5262,944,1,18,870,15,25.5,10,10.36
20181115,6109,6214,6095.5,6202,6763,933,1,18,816,8,33.5,6,12.33
20181116,6188.5,6278.5,6152.5,6242.5,4849,876,1,18,660,17,81,17,15.00
20181119,6235,6274,6190,6255,5919,961,1,18,792,16,28.5,7,8.50
20181120,6241,6296,6146,6173,9800,915,1,18,2045,14,-59.5,14,16.72
20181121,6164,6262.5,6162,6233,4791,857,1,18,778,14,29,8,10.44
20181122,6225,6267,6207.5,6267,2694,753,1,18,299,8,-28,9,11.39
20181123,6254,6260,6154.5,6168,4636,862,1,18,852,13,-24.5,8,11.28
20181126,6187,6230,6155,6172.5,4892,856,1,18,960,14,23,9,9.42
20181127,6158,6172,6092,6111,5662,869,1,18,726,13,-37,17,8.72
20181128,6113,6269,6113,6251.5,5318,884,1,18,933,17,69,17,11.47
20181129,6244.5,6254.5,6196.5,6205.5,5193,893,1,18,961,15,-23,1,7.78
20181130,6205.5,6236,6164,6198.5,5578,865,1,18,975,13,-37,8,12.72
20181203,6300,6352,6237,6250,8620,982,1,18,1166,1,27.5,1,9.56
20181204,6239.5,6299,6153,6168.5,7137,929,1,18,980,15,-35.5,15,11.78
20181205,6176,6203,6142,6193.5,4794,914,1,18,576,13,19.5,1,7.31
20181206,6165,6165,6068,6134.5,7332,922,1,18,987,14,35,17,9.69
20181207,6139,6193,6129.5,6149,4529,863,1,18,609,13,23,8,7.94
