date,startmin,endmin,c0,c1,c17,c18,ch17_18_abs,ch17_0_abs,ch17_0,ch1_0
20160314,0000,1759,4940.0,4963.5,4948.0,4954.5,n,n,n,n
20160315,0000,1759,4945.0,4929.0,4945.0,4943.0,6.5,3.0,n,n
20160316,0000,1759,4952.0,4941.5,4950.0,4986.0,2.0,7.0,n,n
20160317,0000,1759,5005.5,5010.0,5065.0,5068.0,36.0,55.5,55.5,4.5
20160318,0000,1759,5064.0,5118.0,5053.0,5048.0,3.0,1.0,n,n
20160321,0000,1759,5026.5,5065.0,5066.0,5048.0,5.0,26.5,-26.5,38.5
20160322,0000,1759,5060.5,5040.0,5063.5,5063.5,18.0,5.5,n,n
20160323,0000,1759,5060.0,5060.0,4972.0,4962.0,0.0,3.5,n,n
20160324,0000,1759,4961.0,4943.0,4955.0,4958.5,10.0,11.0,-11.0,-18.0
20160329,0000,1759,4970.0,4980.0,4915.0,4917.0,3.5,15.0,15.0,10.0
20160330,0000,1759,4924.0,4925.0,4871.5,4873.0,2.0,9.0,n,n
20160331,0000,1759,4862.5,4848.0,4850.0,4856.5,1.5,9.0,n,n
20160401,0000,1759,4850.0,4862.5,4814.5,4812.0,6.5,0.0,n,n
20160404,0000,1759,4810.0,4810.0,4766.0,4768.5,2.5,4.5,n,n
20160405,0004,1759,4764.0,4782.5,4763.5,4768.5,2.5,2.0,n,n
20160406,0000,1758,4772.0,4783.5,4779.0,4775.0,5.0,8.5,n,n
20160407,0000,1759,4782.5,4795.0,4652.0,4635.0,4.0,3.5,n,n
20160408,0000,1759,4643.5,4654.5,4663.5,4665.0,17.0,8.5,n,n
20160411,0002,1759,4670.5,4662.0,4666.0,4668.5,1.5,7.0,n,n
20160412,0001,1759,4654.5,4655.5,4775.5,4780.0,2.5,11.5,-11.5,1.0
20160413,0000,1759,4784.5,4780.0,4830.5,4837.0,4.5,9.0,n,n
20160414,0000,1759,4832.0,4826.0,4841.0,4840.0,6.5,1.5,n,n
20160415,0019,1759,4830.0,4833.0,4805.0,4806.0,1.0,11.0,-11.0,3.0
20160418,0000,1759,4765.0,4787.0,4824.0,4825.0,1.0,40.0,-40.0,22.0
20160419,0000,1759,4828.0,4824.5,4945.5,4943.0,1.0,4.0,n,n
20160420,0000,1758,4938.0,4938.5,4974.0,4972.5,2.5,7.5,n,n
20160421,0001,1759,4976.5,4971.5,4995.0,4997.0,1.5,2.5,n,n
20160422,0000,1759,4990.0,4989.5,5018.0,5030.5,2.0,5.0,n,n
20160425,0001,1759,5018.0,5008.5,4988.0,4990.0,12.5,0.0,n,n
20160426,0000,1759,4986.0,4988.5,4963.0,4964.0,2.0,2.0,n,n
20160427,0000,1759,4973.5,4975.5,4919.0,4932.0,1.0,10.5,10.5,2.0
20160428,0000,1759,4935.0,4931.0,4934.0,4932.0,13.0,16.0,16.0,-4.0
20160429,0000,1759,4932.0,4932.0,5038.5,5035.5,2.0,2.0,n,n
20160503,0000,1759,5005.0,4996.5,4915.5,4907.5,3.0,33.5,-33.5,-8.5
20160504,0000,1759,4909.5,4905.0,4856.0,4841.0,8.0,6.0,n,n
20160505,0001,1759,4851.5,4855.0,4785.5,4770.5,15.0,4.5,n,n
20160506,0000,1759,4776.5,4777.0,4795.0,4788.0,15.0,9.0,n,n
20160509,0000,1759,4776.0,4771.0,4692.0,4686.5,7.0,19.0,-19.0,-5.0
20160510,0000,1759,4687.5,4678.0,4666.0,4678.0,5.5,4.5,n,n
20160511,0000,1759,4676.0,4697.5,4691.5,4692.5,12.0,10.0,10.0,21.5
20160512,0000,1759,4692.0,4701.5,4624.0,4622.0,1.0,0.5,n,n
20160513,0000,1759,4633.0,4630.0,4624.0,4622.0,2.0,9.0,n,n
20160516,0000,1759,4619.0,4601.5,4648.5,4654.5,2.0,5.0,n,n
20160517,0000,1759,4656.5,4663.5,4643.5,4640.0,6.0,8.0,n,n
20160518,0000,1759,4656.0,4647.5,4628.5,4634.0,3.5,12.5,12.5,-8.5
20160519,0000,1759,4600.0,4592.5,4583.5,4596.0,5.5,28.5,-28.5,-7.5
20160520,0009,1758,4595.5,4603.5,4570.5,4571.0,12.5,12.0,12.0,8.0
20160523,0000,1759,4576.0,4565.5,4568.0,4565.0,0.5,5.5,n,n
20160524,0003,1759,4563.0,4561.0,4588.0,4586.5,3.0,5.0,n,n
20160525,0000,1759,4609.0,4609.5,4661.0,4676.0,1.5,21.0,21.0,0.5
20160526,0000,1759,4664.5,4660.0,4662.0,4662.0,15.0,3.5,n,n
20160527,0000,1759,4662.5,4665.0,4688.0,4687.0,0.0,0.5,n,n
20160531,0000,1759,4665.5,4667.0,4651.5,4654.0,1.0,22.5,-22.5,1.5
20160601,0000,1759,4633.0,4626.5,4611.0,4606.0,2.5,18.5,-18.5,-6.5
20160602,0000,1759,4615.0,4606.5,4598.0,4597.0,5.0,4.0,n,n
20160603,0001,1759,4594.0,4598.0,4679.0,4683.0,1.0,4.0,n,n
20160606,0000,1759,4694.0,4702.0,4687.0,4676.0,4.0,15.0,15.0,8.0
20160607,0000,1759,4691.5,4696.5,4560.0,4558.5,11.0,4.5,n,n
20160608,0001,1759,4568.0,4567.0,4579.5,4580.0,1.5,8.0,n,n
20160609,0000,1759,4605.0,4596.5,4533.0,4538.5,0.5,25.5,25.5,-8.5
20160610,0000,1759,4527.5,4529.5,4511.0,4516.0,5.5,5.5,n,n
20160613,0001,1759,4517.5,4503.0,4560.5,4555.0,5.0,6.5,n,n
20160614,0005,1757,4569.5,4563.0,4531.5,4530.5,5.5,9.0,n,n
20160615,0000,1759,4524.5,4526.5,4638.5,4645.0,1.0,7.0,n,n
20160616,0000,1759,4639.5,4645.0,4543.0,4544.0,6.5,1.0,n,n
20160617,0000,1759,4564.5,4566.0,4541.0,4550.0,1.0,21.5,21.5,1.5
20160620,0000,1759,4576.0,4574.0,4638.0,4636.5,9.0,35.0,35.0,-2.0
20160621,0001,1759,4634.0,4639.0,4678.0,4699.5,1.5,4.0,n,n
20160622,0000,1759,4697.5,4681.5,4713.0,4708.0,21.5,19.5,19.5,-16.0
20160623,0000,1759,4718.5,4717.0,4787.0,4774.5,5.0,5.5,n,n
20160624,0001,1759,4755.5,4772.0,4681.0,4698.0,12.5,31.5,-31.5,16.5
20160627,0000,1759,4680.0,4665.0,4707.0,4705.5,17.0,1.0,n,n
20160628,0000,1800,4718.0,4717.0,n,n,1.5,11.0,11.0,-1.0
20160629,0000,1759,4826.5,4815.5,4832.0,4840.5,n,n,n,n
20160630,0000,1759,4844.5,4832.0,4849.0,4850.5,8.5,12.5,12.5,-12.5
20160701,0000,1758,4858.0,4836.5,4896.0,4905.5,1.5,9.0,n,n
20160704,0000,1758,4918.0,4893.0,4905.0,4885.0,9.5,22.0,22.0,-25.0
20160705,0000,1759,4899.5,4895.0,4827.0,4817.5,20.0,5.5,n,n
20160706,0001,1759,4817.0,4813.0,4756.0,4768.5,9.5,10.0,-10.0,-4.0
20160707,0000,1756,4758.0,4755.5,4696.0,4687.0,12.5,2.0,n,n
20160708,0006,1757,4703.5,4702.5,4687.5,4689.5,9.0,7.5,n,n
20160711,0003,1759,4702.0,4700.0,4745.0,4743.0,2.0,14.5,14.5,-2.0
20160712,0002,1759,4745.0,4755.0,4890.0,4885.5,2.0,0.0,n,n
20160713,0000,1759,4892.5,4880.0,4938.0,4936.0,4.5,2.5,n,n
20160714,0000,1759,4929.0,4934.5,4944.0,4938.5,2.0,9.0,n,n
20160715,0001,1759,4934.0,4934.0,4921.0,4923.0,5.5,10.0,-10.0,0.0
20160718,0000,1759,4916.0,4891.5,4930.0,4935.5,2.0,5.0,n,n
20160719,0000,1800,4943.0,4936.0,n,n,5.5,13.0,13.0,-7.0
20160720,0000,1759,4975.0,4983.5,4970.0,4958.5,n,n,n,n
20160721,0000,1759,4951.5,4955.0,4979.0,4980.0,11.5,18.5,-18.5,3.5
20160722,0355,1759,n,n,4924.0,4922.5,1.0,n,n,n
20160725,0000,1759,4930.0,4930.0,4900.0,4915.5,1.5,6.0,n,n
20160726,0002,1759,4908.0,4895.0,4918.5,4917.0,15.5,8.0,n,n
20160727,0002,1759,4922.0,4918.0,4836.5,4834.0,1.5,3.5,n,n
20160728,0000,1758,4852.5,4854.5,4887.5,4899.0,2.5,16.0,16.0,2.0
20160729,0000,1759,4900.5,4905.0,4907.0,4920.0,11.5,13.0,13.0,4.5
20160801,0000,1759,4913.5,4921.5,4872.0,4872.0,13.0,6.5,n,n
20160802,0000,1759,4859.0,4860.0,4888.0,4886.0,0.0,13.0,-13.0,1.0
20160803,0000,1759,4890.0,4888.0,4875.0,4868.5,2.0,2.0,n,n
20160804,0007,1759,4884.5,4883.0,4833.0,4832.0,6.5,9.5,n,n
20160805,0000,1759,4825.0,4831.0,4795.0,4796.0,1.0,8.0,n,n
20160808,0000,1759,4789.0,4791.0,4808.5,4809.0,1.0,6.0,n,n
20160809,0000,1759,4799.0,4802.5,4776.0,4776.5,0.5,9.5,n,n
20160810,0000,1759,4779.0,4790.5,4810.5,4822.0,0.5,3.0,n,n
20160811,0000,1759,4815.5,4818.0,4853.0,4848.0,11.5,5.0,n,n
20160812,0000,1759,4850.5,4862.5,4753.5,4752.0,5.0,2.5,n,n
20160815,0000,1759,4755.0,4758.0,4772.5,4772.0,1.5,1.5,n,n
20160816,0000,1759,4770.0,4772.0,4814.0,4813.0,0.5,2.5,n,n
20160817,0000,1759,4810.0,4818.5,4773.0,4775.0,1.0,4.0,n,n
20160818,0000,1758,4786.0,4786.5,4805.0,4809.0,2.0,13.0,13.0,0.5
20160819,0000,1759,4807.0,4801.5,4798.0,4808.0,4.0,2.0,n,n
20160822,0005,2031,4809.5,4797.0,n,n,10.0,11.5,11.5,-12.5
20160823,0002,1759,4761.0,4761.5,4706.0,4706.0,n,n,n,n
20160824,0001,1759,4703.5,4710.0,4628.5,4629.0,0.0,2.5,n,n
20160825,0005,1759,4631.5,4640.0,4622.0,4627.0,0.5,3.0,n,n
20160826,0000,1757,4624.5,4633.5,4624.0,4620.5,5.0,2.5,n,n
20160830,0000,1759,4625.5,4627.0,4609.0,4609.0,3.5,1.5,n,n
20160831,0000,1759,4620.0,4620.0,4615.0,4618.0,0.0,11.0,11.0,0.0
20160901,0004,1759,4619.5,4630.0,4616.0,4625.0,3.0,4.5,n,n
20160902,0000,1759,4627.0,4621.5,4620.5,4615.0,9.0,11.0,11.0,-5.5
20160905,0000,1759,4619.5,4625.0,4626.5,4626.5,5.5,1.0,n,n
20160906,0001,1759,4627.0,4632.0,4636.0,4636.0,0.0,0.5,n,n
20160907,0005,1759,4640.5,4642.0,4652.0,4651.0,0.0,4.5,n,n
20160908,0000,1759,4648.5,4654.0,4658.0,4664.5,1.0,3.5,n,n
20160909,0000,1800,4667.5,4666.0,n,n,6.5,9.5,n,n
20160912,0002,1759,4628.5,4630.0,4649.0,4659.0,n,n,n,n
20160913,0000,1759,4658.0,4658.0,4654.5,4662.5,10.0,9.0,n,n
20160914,0000,1759,4653.0,4661.0,4768.0,4772.0,8.0,1.5,n,n
20160915,0004,1759,4765.0,4763.0,4775.0,4780.0,4.0,3.0,n,n
20160916,0000,1759,4782.5,4778.0,4778.5,4777.0,5.0,7.5,n,n
20160919,0002,1759,4769.0,4761.0,4771.0,4767.5,1.5,9.5,n,n
20160920,0000,1759,4761.0,4756.0,4785.0,4781.0,3.5,10.0,-10.0,-5.0
20160921,0000,1759,4786.5,4780.0,4763.0,4767.0,4.0,1.5,n,n
20160922,0000,1759,4779.0,4781.5,4847.0,4845.0,4.0,16.0,16.0,2.5
20160923,0009,1759,4845.0,4839.5,4861.0,4856.0,2.0,2.0,n,n
20160926,0001,1759,4863.5,4861.5,4848.0,4844.5,5.0,2.5,n,n
20160927,0000,1759,4838.5,4831.5,4796.0,4797.0,3.5,9.5,n,n
20160928,0005,1759,4796.5,4791.5,4826.0,4830.0,1.0,0.5,n,n
20160929,0000,1757,4850.5,4848.5,4830.0,4825.0,4.0,24.5,24.5,-2.0
20160930,0000,1759,4831.0,4830.0,4874.0,4877.5,5.0,1.0,n,n
20161003,0000,1759,4865.0,4873.5,4834.0,4833.5,3.5,9.0,n,n
20161004,0000,1759,4838.0,4831.0,4786.5,4790.0,0.5,4.0,n,n
20161005,0000,1759,4789.0,4789.5,4782.0,4797.0,3.5,2.5,n,n
20161006,0002,1759,4789.0,4788.0,4764.0,4760.0,15.0,7.0,n,n
20161007,0001,1759,4757.5,4751.0,4781.0,4790.0,4.0,6.5,n,n
20161010,0000,1759,4794.0,4798.0,4849.0,4844.0,9.0,13.0,13.0,4.0
20161011,0001,1759,4851.0,4848.0,4828.0,4825.0,5.0,2.0,n,n
20161012,0000,1759,4829.5,4834.0,4810.0,4808.0,3.0,1.5,n,n
20161013,0001,1759,4810.0,4808.5,4707.0,4715.0,2.0,0.0,n,n
20161014,0000,1759,4709.5,4712.0,4685.0,4675.5,8.0,2.5,n,n
20161017,0000,1759,4677.5,4680.5,4682.0,4674.0,9.5,7.5,n,n
20161018,0008,1759,4681.0,4684.5,4678.5,4675.0,8.0,1.0,n,n
20161019,0000,1759,4673.5,4680.0,4671.0,4670.5,3.5,5.0,n,n
20161020,0001,1759,4671.0,4675.5,4653.5,4652.0,0.5,0.0,n,n
20161021,0000,1759,4653.0,4652.0,4640.5,4644.0,1.5,0.5,n,n
20161024,0002,1759,4640.0,4644.5,4644.0,4643.5,3.5,0.5,n,n
20161025,0000,1759,4649.0,4649.5,4735.5,4738.0,0.5,5.0,n,n
20161026,0002,1759,4736.0,4734.5,4751.0,4756.5,2.5,0.5,n,n
20161027,0000,1759,4747.5,4744.5,4785.5,4788.0,5.5,3.5,n,n
20161028,0002,1759,4784.5,4781.5,4846.0,4845.5,2.5,1.0,n,n
20161031,0000,1758,4847.5,4829.5,4861.0,4862.0,0.5,1.5,n,n
20161101,0000,1759,4863.0,4864.5,4918.5,4914.0,1.0,2.0,n,n
20161102,0000,1758,4916.5,4889.0,4902.0,4905.5,4.5,2.0,n,n
20161103,0000,1759,4905.5,4904.5,4956.0,4957.5,3.5,3.5,n,n
20161104,0000,1759,4952.0,4936.0,4985.0,4992.0,1.5,4.0,n,n
20161107,0000,1859,4977.5,5007.5,n,n,7.0,7.5,n,n
20170313,0000,1759,5752.0,5760.0,5798.0,5799.0,n,n,n,n
20170314,0000,1759,5794.0,5787.0,5836.0,5835.0,1.0,4.0,n,n
20170315,0000,1759,5824.5,5824.5,5874.5,5888.0,1.0,11.5,-11.5,0.0
20170316,0000,1759,5894.5,5907.0,5907.0,5910.0,13.5,20.0,20.0,12.5
20170317,0000,1759,5901.0,5902.5,5937.5,5940.0,3.0,6.0,n,n
20170320,0000,1759,5917.5,5912.0,5884.0,5865.0,2.5,20.0,-20.0,-5.5
20170321,0000,1759,5864.0,5823.0,5770.0,5771.0,19.0,20.0,-20.0,-41.0
20170322,0000,1759,5765.0,5739.0,5819.0,5837.5,1.0,5.0,n,n
20170323,0000,1759,5834.0,5817.0,5850.0,5853.5,18.5,15.0,15.0,-17.0
20170324,0000,1759,5831.0,5794.0,5812.0,5815.0,3.5,19.0,-19.0,-37.0
20170327,0000,1759,5800.0,5779.0,5808.0,5800.0,3.0,12.0,-12.0,-21.0
20170328,0000,2301,5799.0,5803.0,n,n,8.0,9.0,n,n
20170329,0000,1759,5890.0,5891.5,5902.0,5905.0,n,n,n,n
20170330,0006,1759,5899.5,5901.5,5889.5,5915.0,3.0,2.5,n,n
20170331,0000,1759,5889.5,5900.5,5855.5,5861.0,25.5,0.0,n,n
20170403,0000,1759,5841.0,5844.0,5750.5,5758.0,5.5,14.5,-14.5,3.0
20170404,0001,1759,5758.0,5762.0,5773.0,5783.0,7.5,7.5,n,n
20170405,0000,1759,5786.0,5791.5,5911.0,5924.5,10.0,13.0,13.0,5.5
20170406,0000,1759,5893.0,5892.0,5867.5,5878.0,13.5,18.0,-18.0,-1.0
20170407,0013,1759,5856.5,5857.0,5840.5,5847.5,10.5,11.0,-11.0,0.5
20170410,0000,1759,5828.5,5825.5,5749.0,5755.0,7.0,12.0,-12.0,-3.0
20170411,0002,1758,5747.0,5752.0,5761.5,5768.0,6.0,2.0,n,n
20170412,0008,1759,5760.0,5753.5,5634.5,5624.5,6.5,1.5,n,n
20170413,0000,1759,5625.0,5636.0,5692.0,5682.5,10.0,9.5,n,n
20170418,0000,1759,5733.0,5727.5,5593.5,5605.0,9.5,41.0,41.0,-5.5
20170419,0000,1759,5600.0,5609.0,5608.0,5595.0,11.5,6.5,n,n
20170420,0001,1759,5590.0,5596.0,5635.0,5635.5,13.0,18.0,-18.0,6.0
20170421,0002,1759,5643.0,5634.0,5624.5,5637.5,0.5,8.0,n,n
20170424,0000,1759,5678.0,5659.0,5648.0,5655.0,13.0,53.5,53.5,-19.0
20170425,0000,1759,5653.0,5649.5,5705.5,5714.0,7.0,5.0,n,n
20170426,0001,1759,5702.5,5706.5,5723.0,5734.5,8.5,3.0,n,n
20170427,0001,1759,5720.0,5718.5,5708.5,5715.0,11.5,3.0,n,n
20170428,0000,1759,5714.5,5719.0,5735.5,5735.0,6.5,6.0,n,n
20170502,0000,1759,5800.0,5810.0,5796.5,5806.0,0.5,64.5,64.5,10.0
20170503,0000,1836,5789.0,5783.5,n,n,9.5,7.5,n,n
20170504,0000,1759,5580.0,5585.0,5540.5,5540.5,n,n,n,n
20170505,0000,1759,5545.5,5536.0,5580.5,5585.0,0.0,5.0,n,n
20170508,0000,1759,5609.0,5605.0,5504.0,5497.5,4.5,28.5,28.5,-4.0
20170509,0005,1759,5499.0,5509.5,5510.0,5513.5,6.5,5.0,n,n
20170510,0000,1759,5507.5,5520.5,5505.5,5510.0,3.5,2.5,n,n
20170511,0001,1758,5509.5,5505.0,5535.0,5538.5,4.5,4.0,n,n
20170512,0000,1759,5541.5,5540.0,5569.0,5568.0,3.5,6.5,n,n
20170515,0000,1756,5561.0,5580.0,5601.5,5606.0,1.0,8.0,n,n
20170516,0006,1759,5597.0,5602.0,5619.5,5621.0,4.5,4.5,n,n
20170517,0000,1759,5606.0,5604.5,5616.0,5611.5,1.5,13.5,-13.5,-1.5
20170518,0000,1759,5599.0,5595.5,5585.0,5583.0,4.5,17.0,-17.0,-3.5
20170519,0001,1759,5588.5,5583.5,5687.5,5687.5,2.0,3.5,n,n
20170522,0003,1759,5680.5,5675.5,5718.0,5718.0,0.0,7.0,n,n
20170523,0005,1759,5715.5,5712.0,5717.0,5724.0,0.0,2.5,n,n
20170524,0002,1759,5712.0,5702.0,5694.0,5703.0,7.0,5.0,n,n
20170525,0000,1759,5684.5,5686.5,5724.5,5729.5,9.0,9.5,n,n
20170526,0000,1759,5724.0,5709.0,5661.0,5662.0,5.0,0.5,n,n
20170530,0005,1759,5650.0,5643.0,5654.0,5658.0,1.0,11.0,-11.0,-7.0
20170531,0000,1758,5660.0,5666.5,5689.5,5693.0,4.0,6.0,n,n
20170601,0000,1759,5692.0,5688.5,5704.0,5702.5,3.5,2.5,n,n
20170602,0000,1759,5685.0,5682.0,5679.5,5688.0,1.5,19.0,-19.0,-3.0
20170605,0000,1759,5662.0,5667.0,5642.0,5648.0,8.5,17.5,-17.5,5.0
20170606,0000,1759,5637.0,5638.0,5619.5,5618.0,6.0,5.0,n,n
20170607,0000,1759,5616.0,5622.5,5629.0,5625.0,1.5,3.5,n,n
20170608,0000,1759,5624.0,5620.0,5744.5,5746.5,4.0,5.0,n,n
20170609,0000,1759,5743.5,5735.0,5828.0,5830.0,2.0,1.0,n,n
20170612,0000,1759,5823.0,5822.0,5761.0,5763.5,2.0,5.0,n,n
20170613,0003,1759,5764.5,5768.5,5724.0,5730.0,2.5,3.5,n,n
20170614,0000,1759,5716.0,5714.0,5682.0,5667.0,6.0,8.0,n,n
20170615,0000,1759,5643.5,5661.5,5666.5,5674.0,15.0,38.5,-38.5,18.0
20170616,0000,1759,5668.0,5665.0,5665.5,5673.0,7.5,1.5,n,n
20170619,0000,1759,5673.0,5667.5,5727.0,5726.0,7.5,7.5,n,n
20170620,0000,1759,5728.5,5724.0,5663.0,5668.0,1.0,1.5,n,n
20170621,0000,1759,5660.5,5657.0,5746.0,5725.0,5.0,2.5,n,n
20170622,0001,1759,5741.0,5740.0,5740.5,5741.0,21.0,5.0,n,n
20170623,0000,1759,5742.0,5736.5,5796.0,5800.0,0.5,1.5,n,n
20170626,0000,1759,5775.0,5784.0,5803.0,5801.5,4.0,21.0,-21.0,9.0
20170627,0002,1759,5798.0,5791.0,5851.5,5846.5,1.5,5.0,n,n
20170628,0000,1759,5848.5,5849.5,5882.0,5879.0,5.0,3.0,n,n
20170629,0002,1759,5882.0,5883.5,5926.0,5925.0,3.0,0.0,n,n
20170630,0000,1759,5923.0,5920.5,5952.5,5959.0,1.0,3.0,n,n
20170703,0002,1759,5946.0,5942.0,5914.0,5915.0,6.5,6.5,n,n
20170704,0000,1757,5910.5,5909.5,5892.5,5887.5,1.0,3.5,n,n
20170705,0000,1759,5890.0,5895.0,5843.0,5850.0,5.0,2.5,n,n
20170706,0000,1759,5846.5,5850.0,5852.5,5848.5,7.0,3.5,n,n
20170707,0000,1759,5844.0,5843.0,5823.0,5831.0,4.0,8.5,n,n
20170710,0000,1759,5838.0,5830.0,5831.0,5836.5,8.0,15.0,15.0,-8.0
20170711,0000,1759,5830.0,5829.5,5879.5,5877.0,5.5,1.0,n,n
20170712,0000,1759,5886.5,5888.0,5905.0,5903.5,2.5,7.0,n,n
20170713,0002,1758,5902.5,5906.0,5865.0,5864.5,1.5,2.5,n,n
20170714,0003,1759,5873.5,5868.5,5927.0,5928.0,0.5,8.5,n,n
20170717,0000,1759,5926.0,5918.0,5996.5,6004.5,1.0,1.0,n,n
20170718,0000,1759,5997.0,6000.5,6007.0,6004.0,8.0,0.5,n,n
20170719,0002,1758,6001.0,6000.5,5971.5,5966.0,3.0,6.0,n,n
20170720,0000,1759,5963.0,5960.0,5976.0,5975.0,5.5,8.5,n,n
20170721,0000,1759,5977.0,5978.5,5994.5,5997.0,1.0,1.0,n,n
20170724,0000,1759,5993.0,5990.5,6026.5,6033.5,2.5,1.5,n,n
20170725,0000,1759,6029.5,6034.0,6257.0,6261.0,7.0,3.0,n,n
20170726,0001,1759,6255.0,6271.0,6321.5,6306.5,4.0,2.0,n,n
20170727,0000,1759,6314.5,6340.0,6332.0,6320.0,15.0,7.0,n,n
20170728,0002,1759,6322.0,6318.5,6337.0,6344.5,12.0,10.0,-10.0,-3.5
20170731,0000,1759,6344.5,6346.5,6370.5,6373.0,7.5,7.5,n,n
20170801,0009,1759,6371.5,6371.5,6346.5,6347.5,2.5,1.0,n,n
20170802,0001,1759,6335.0,6336.5,6355.0,6354.0,1.0,11.5,-11.5,1.5
20170803,0003,1758,6350.0,6347.0,6344.5,6345.0,1.0,5.0,n,n
20170804,0003,1759,6348.0,6347.0,6359.5,6362.0,0.5,3.5,n,n
20170807,0000,1759,6367.5,6373.5,6410.0,6418.5,2.5,8.0,n,n
20170808,0006,1759,6419.0,6419.5,6480.5,6481.5,8.5,9.0,n,n
20170809,0001,1759,6482.0,6487.5,6452.0,6455.0,1.0,1.5,n,n
20170810,0000,1759,6459.0,6462.5,6406.0,6402.0,3.0,7.0,n,n
20170811,0000,1759,6394.0,6398.0,6423.5,6427.0,4.0,12.0,-12.0,4.0
20170814,0000,1759,6422.5,6437.5,6410.0,6404.0,3.5,1.0,n,n
20170815,0000,1759,6405.5,6404.5,6369.5,6363.0,6.0,4.5,n,n
20170816,0000,1759,6361.0,6358.5,6515.5,6526.5,6.5,8.5,n,n
20170817,0000,1759,6534.5,6553.0,6490.0,6472.5,11.0,19.0,19.0,18.5
20170818,0000,1759,6438.0,6454.5,6486.5,6481.0,17.5,52.0,-52.0,16.5
20170821,0000,1759,6477.0,6478.0,6574.0,6574.0,5.5,9.5,n,n
20170822,0000,1759,6585.0,6592.5,6584.0,6587.5,0.0,11.0,11.0,7.5
20170823,0001,1759,6592.0,6586.0,6577.5,6583.5,3.5,8.0,n,n
20170824,0002,1759,6589.0,6591.0,6699.0,6696.0,6.0,11.5,11.5,2.0
20170825,0000,1759,6702.5,6704.0,6698.5,6704.0,3.0,3.5,n,n
20170829,0000,1759,6754.5,6756.0,6802.0,6804.5,5.5,56.0,56.0,1.5
20170830,0001,1758,6798.0,6793.5,6771.5,6776.0,2.5,4.0,n,n
20170831,0000,1759,6770.0,6785.5,6790.5,6815.0,4.5,1.5,n,n
20170901,0000,1759,6816.0,6814.0,6840.0,6846.0,24.5,25.5,25.5,-2.0
20170904,0000,1759,6859.5,6883.0,6920.0,6923.0,6.0,19.5,19.5,23.5
20170905,0005,1759,6921.0,6919.0,6860.0,6861.0,3.0,1.0,n,n
20170906,0000,1759,6870.0,6871.0,6916.0,6923.0,1.0,10.0,10.0,1.0
20170907,0000,1759,6924.5,6927.5,6903.0,6915.0,7.0,8.5,n,n
20170908,0000,1759,6922.0,6906.5,6683.0,6680.5,12.0,19.0,19.0,-15.5
20170911,0000,1759,6688.0,6692.0,6740.5,6747.0,2.5,5.0,n,n
20170912,0000,1759,6754.5,6748.0,6671.5,6672.0,6.5,14.0,14.0,-6.5
20170913,0002,1759,6678.5,6668.0,6554.0,6555.0,0.5,7.0,n,n
20170914,0000,1758,6555.0,6550.0,6500.0,6504.5,1.0,1.0,n,n
20170915,0000,1759,6509.0,6504.5,6488.5,6488.0,4.5,9.0,n,n
20170918,0005,1759,6506.5,6507.0,6531.5,6532.0,0.5,18.0,18.0,0.5
20170919,0000,1759,6542.0,6545.0,6528.5,6533.5,0.5,10.5,10.5,3.0
20170920,0000,1759,6539.5,6546.5,6530.0,6535.0,5.0,11.0,11.0,7.0
20170921,0000,1759,6514.0,6510.5,6458.0,6456.0,5.0,16.0,-16.0,-3.5
20170922,0001,1759,6441.0,6455.0,6475.5,6476.5,2.0,17.0,-17.0,14.0
20170925,0006,1759,6485.5,6492.5,6462.5,6462.5,1.0,10.0,10.0,7.0
20170926,0000,1759,6475.0,6480.5,6425.0,6433.0,0.0,12.5,12.5,5.5
20170927,0000,1759,6417.0,6425.0,6441.0,6445.5,8.0,8.0,n,n
20170928,0000,1759,6448.0,6446.5,6556.0,6552.5,4.5,7.0,n,n
20170929,0000,1759,6553.0,6560.5,6501.0,6501.0,3.5,3.0,n,n
20171002,0000,1759,6541.5,6529.5,6502.0,6493.0,0.0,40.5,40.5,-12.0
20171003,0000,1758,6485.5,6466.5,6519.0,6513.0,9.0,16.5,-16.5,-19.0
20171004,0000,1759,6509.5,6515.0,6510.5,6511.0,6.0,9.5,n,n
20171005,0000,1759,6507.5,6515.5,6701.5,6689.5,0.5,3.0,n,n
20171006,0000,1759,6692.0,6701.0,6664.5,6654.0,12.0,9.5,n,n
20171009,0000,1759,6650.0,6639.0,6675.0,6667.5,10.5,14.5,-14.5,-11.0
20171010,0008,1758,6675.5,6680.5,6741.5,6752.5,7.5,0.5,n,n
20171011,0003,1759,6746.0,6753.0,6818.0,6813.5,11.0,4.5,n,n
20171012,0000,1759,6810.5,6818.5,6870.0,6877.5,4.5,7.5,n,n
20171013,0000,1759,6877.5,6878.0,6897.0,6893.0,7.5,7.5,n,n
20171016,0000,1759,6894.5,6886.5,7126.0,7130.0,4.0,2.5,n,n
20171017,0000,1759,7126.5,7133.5,7032.0,7040.0,4.0,0.5,n,n
20171018,0000,1759,7055.0,7025.0,6995.5,6991.0,8.0,23.0,23.0,-30.0
20171019,0002,1759,6989.5,6998.0,6971.0,6972.5,4.5,6.0,n,n
20171020,0005,1758,6976.0,6972.5,6970.5,6969.5,1.5,5.0,n,n
20171023,0005,1759,6965.5,6965.5,7019.0,7012.5,1.0,5.0,n,n
20171024,0000,1759,7016.0,7030.0,7041.5,7043.0,6.5,3.0,n,n
20171025,0002,1759,7040.5,7050.0,7010.0,7010.5,1.5,1.0,n,n
20171026,0500,1758,n,n,6997.0,6999.5,0.5,n,n,n
20171027,0000,1759,6990.5,6993.5,6843.5,6843.5,2.5,6.5,n,n
20171030,0500,1759,n,n,6858.0,6862.5,0.0,n,n,n
20171031,0000,1759,6861.5,6849.0,6867.0,6862.0,4.5,3.5,n,n
20171101,0000,1759,6888.0,6944.0,6924.0,6927.0,5.0,21.0,21.0,56.0
20171102,0000,1759,6950.0,6955.0,6926.5,6931.0,3.0,26.0,26.0,5.0
20171103,0500,1759,n,n,6888.5,6881.0,4.5,n,n,n
20180312,0500,1759,n,n,6909.5,6915.0,7.5,n,n,n
20180313,0500,1759,n,n,6948.0,6952.5,5.5,n,n,n
20180314,0001,1759,6933.0,6931.0,6985.5,6982.0,4.5,15.0,-15.0,-2.0
20180315,0500,1757,n,n,6923.5,6922.0,3.5,n,n,n
20180316,0000,1759,6905.0,6909.0,6886.5,6889.5,1.5,18.5,-18.5,4.0
20180319,0500,1759,n,n,6835.5,6832.5,3.0,n,n,n
20180320,0500,1758,n,n,6754.5,6756.0,3.0,n,n,n
20180321,0000,1759,6757.5,6775.5,6816.5,6830.5,1.5,3.0,n,n
20180322,0500,1759,n,n,6730.0,6726.5,14.0,n,n,n
20180323,0000,1759,6691.0,6690.0,6660.0,6649.0,3.5,39.0,-39.0,-1.0
20180326,0500,1759,n,n,6601.5,6623.5,11.0,n,n,n
20180327,0500,1759,n,n,6667.5,6657.5,22.0,n,n,n
20180328,0000,1759,6642.5,6654.0,6669.0,6667.0,10.0,25.0,-25.0,11.5
20180329,0500,1759,n,n,6732.5,6740.5,2.0,n,n,n
20180403,0500,1759,n,n,6812.5,6810.0,8.0,n,n,n
20180404,0000,1759,6815.0,6814.5,6724.0,6713.0,2.5,2.5,n,n
20180405,0506,1759,n,n,6837.0,6818.5,11.0,n,n,n
20180406,0000,1759,6768.5,6762.0,6802.0,6754.5,18.5,68.5,-68.5,-6.5
20180409,0509,1759,n,n,6840.5,6853.5,47.5,n,n,n
20180410,0503,1759,n,n,6967.5,6968.5,13.0,n,n,n
20180411,0000,1759,6961.0,6958.5,6918.5,6911.5,1.0,6.5,n,n
20180412,0500,1759,n,n,6820.5,6821.0,7.0,n,n,n
20180413,0000,1758,6805.0,6802.5,6834.0,6833.5,0.5,15.5,-15.5,-2.5
20180416,0500,1759,n,n,6890.0,6883.5,0.5,n,n,n
20180417,0502,1759,n,n,6867.0,6873.0,6.5,n,n,n
20180418,0000,1759,6879.5,6886.0,7029.5,7036.5,6.0,12.5,12.5,6.5
20180419,0500,1759,n,n,6969.0,6962.0,7.0,n,n,n
20180420,0003,1759,6967.5,6956.5,6977.0,6982.5,7.0,1.5,n,n
20180423,0500,1759,n,n,6934.5,6927.5,5.5,n,n,n
20180424,0500,1759,n,n,6992.5,6982.5,7.0,n,n,n
20180425,0002,1759,6985.5,7004.5,6985.5,6977.5,10.0,7.0,n,n
20180426,0500,1759,n,n,6953.5,6967.0,8.0,n,n,n
20180427,0000,1759,6967.0,6966.0,6815.5,6812.0,13.5,13.5,13.5,-1.0
20180430,0513,1759,n,n,6811.0,6821.5,3.5,n,n,n
20180501,0500,1759,n,n,6747.0,6762.0,10.5,n,n,n
20180502,0000,1759,6789.0,6796.0,6811.5,6817.0,15.0,42.0,42.0,7.0
20180503,0500,1759,n,n,6838.0,6865.0,5.5,n,n,n
20180504,0000,1759,6864.0,6855.0,6853.0,6845.0,27.0,26.0,26.0,-9.0
20180508,0500,1759,n,n,6809.5,6814.0,8.0,n,n,n
20180509,0000,1759,6817.0,6801.5,6810.0,6815.5,4.5,7.5,n,n
20180510,0501,1759,n,n,6916.5,6916.5,5.5,n,n,n
20180511,0006,1759,6911.0,6921.5,6916.0,6921.5,0.0,5.5,n,n
20180514,0508,1759,n,n,6880.0,6884.0,5.5,n,n,n
20180515,0500,1759,n,n,6814.0,6810.0,4.0,n,n,n
20180516,0007,1759,6808.0,6810.5,6836.0,6844.5,4.0,6.0,n,n
20180517,0500,1757,n,n,6879.5,6862.0,8.5,n,n,n
20180518,0022,1759,6868.0,6879.0,6822.0,6824.0,17.5,11.5,-11.5,11.0
20180521,0501,1759,n,n,6893.5,6898.0,2.0,n,n,n
20180522,0500,1759,n,n,6964.0,6963.0,4.5,n,n,n
20180523,0001,1759,6956.5,6958.5,6841.0,6835.0,1.0,7.5,n,n
20180524,0500,1759,n,n,6897.5,6910.5,6.0,n,n,n
20180525,0000,1759,6904.5,6900.0,6864.5,6858.0,13.0,7.0,n,n
20180529,0500,1759,n,n,6834.0,6827.0,6.5,n,n,n
20180530,0000,1759,6820.0,6826.0,6848.0,6840.0,7.0,14.0,-14.0,6.0
20180531,0500,1759,n,n,6839.0,6828.0,8.0,n,n,n
20180601,0034,1759,6840.5,6843.0,6905.0,6904.5,11.0,1.5,n,n
20180604,0503,1759,n,n,6977.5,6986.5,0.5,n,n,n
20180605,0502,1759,n,n,7106.0,7117.0,9.0,n,n,n
20180606,0000,1759,7127.0,7124.0,7235.0,7235.0,11.0,21.0,21.0,-3.0
20180607,0501,1759,n,n,7263.5,7247.0,0.0,n,n,n
20180608,0000,1759,7253.0,7266.5,7312.5,7305.5,16.5,10.5,-10.5,13.5
20180611,0500,1759,n,n,7235.0,7222.0,7.0,n,n,n
20180612,0503,1759,n,n,7223.0,7213.0,13.0,n,n,n
20180613,0001,1759,7212.5,7212.0,7233.0,7241.5,10.0,10.5,-10.5,-0.5
20180614,0501,1759,n,n,7172.0,7160.0,8.5,n,n,n
20180615,0000,1759,7137.0,7137.0,7022.5,7011.5,12.0,35.0,-35.0,0.0
20180618,0500,1759,n,n,6942.0,6972.0,11.0,n,n,n
20180619,0500,1759,n,n,6820.0,6825.5,30.0,n,n,n
20180620,0000,1759,6819.0,6820.5,6807.0,6815.5,5.5,1.0,n,n
20180621,0500,1759,n,n,6777.5,6799.5,8.5,n,n,n
20180622,0000,1757,6799.0,6806.5,6796.5,6801.0,22.0,21.5,21.5,7.5
20180625,0500,1759,n,n,6720.0,6704.0,4.5,n,n,n
20180626,0500,1757,n,n,6720.5,6727.0,16.0,n,n,n
20180627,0000,1759,6727.0,6733.0,6707.5,6693.0,6.5,6.5,n,n
20180628,0500,1758,n,n,6633.5,6623.0,14.5,n,n,n
20180629,0000,1759,6635.0,6628.0,6619.5,6619.0,10.5,1.5,n,n
20180702,0500,1759,n,n,6566.0,6571.0,0.5,n,n,n
20180703,0500,1758,n,n,6510.5,6509.0,5.0,n,n,n
20180704,0000,1759,6518.0,6522.5,6400.0,6403.5,1.5,7.5,n,n
20180705,0000,1759,6405.5,6405.5,6324.5,6324.0,3.5,5.5,n,n
20180706,0500,1759,n,n,6315.0,6308.5,0.5,n,n,n
20180709,0500,1759,n,n,6384.5,6405.0,6.5,n,n,n
20180710,0500,1759,n,n,6349.5,6345.0,20.5,n,n,n
20180711,0000,1758,6315.0,6207.0,6140.0,6135.0,4.5,34.5,-34.5,-108.0
20180712,0500,1758,n,n,6215.0,6215.0,5.0,n,n,n
20180713,0000,1759,6227.0,6225.0,6217.5,6215.0,0.0,12.0,12.0,-2.0
20180716,0506,1759,n,n,6185.0,6192.0,2.5,n,n,n
20180717,0500,1759,n,n,6148.0,6160.5,7.0,n,n,n
20180718,0011,1757,6158.5,6163.0,6172.0,6180.0,12.5,10.5,10.5,4.5
20180719,0500,1759,n,n,6038.0,6054.5,8.0,n,n,n
20180720,0000,1759,6073.5,6064.0,6158.0,6152.0,16.5,35.5,35.5,-9.5
20180723,0506,1759,n,n,6135.0,6128.0,6.0,n,n,n
20180724,0500,1759,n,n,6275.0,6262.0,7.0,n,n,n
20180725,0000,1759,6270.0,6275.0,6287.0,6305.5,13.0,5.0,n,n
20180726,0500,1759,n,n,6289.0,6281.5,18.5,n,n,n
20180727,0009,1759,6271.5,6266.0,6255.5,6244.0,7.5,17.5,-17.5,-5.5
20180730,0502,1759,n,n,6245.0,6245.0,11.5,n,n,n
20180731,0500,1759,n,n,6326.0,6322.0,0.0,n,n,n
20180801,0000,1759,6299.5,6260.5,6149.0,6124.0,4.0,26.5,-26.5,-39.0
20180802,0500,1759,n,n,6135.0,6139.0,25.0,n,n,n
20180803,0002,1759,6115.5,6122.0,6182.0,6176.5,4.0,19.5,-19.5,6.5
20180806,0500,1758,n,n,6122.0,6105.5,5.5,n,n,n
20180807,0500,1758,n,n,6165.5,6156.5,16.5,n,n,n
20180808,0000,1759,6171.5,6170.0,6167.0,6172.5,9.0,6.0,n,n
20180809,0500,1759,n,n,6196.0,6198.0,5.5,n,n,n
20180810,0001,1759,6199.0,6195.0,6154.5,6155.0,2.0,3.0,n,n
20180813,0500,1759,n,n,6129.0,6129.5,0.5,n,n,n
20180814,0500,1759,n,n,6037.0,6045.0,0.5,n,n,n
20180815,0013,1759,6039.0,6030.5,5798.0,5831.0,8.0,2.0,n,n
20180816,0500,1759,n,n,5897.0,5890.5,33.0,n,n,n
20180817,0000,1759,5893.5,5905.5,5920.0,5934.0,6.5,3.5,n,n
20180820,0000,1759,5970.0,5973.0,6001.0,5989.5,14.0,50.0,50.0,3.0
20180821,0001,1759,6005.5,6020.5,6058.0,6060.5,11.5,4.5,n,n
20180822,0000,1759,6034.5,6051.5,6017.5,6010.5,2.5,23.5,-23.5,17.0
20180823,0002,1759,5999.0,5992.0,5986.0,5965.0,7.0,18.5,-18.5,-7.0
20180824,0000,1759,5969.5,5982.5,6079.0,6069.0,21.0,16.5,-16.5,13.0
20180828,0000,1759,6107.5,6103.5,6140.0,6132.0,10.0,28.5,28.5,-4.0
20180829,0000,1759,6129.5,6127.5,6106.5,6092.0,8.0,10.5,-10.5,-2.0
20180830,0004,1759,6091.5,6089.0,6072.5,6075.5,14.5,15.0,-15.0,-2.5
20180831,0000,1759,6041.0,6023.5,5982.5,5990.0,3.0,31.5,-31.5,-17.5
20180903,0000,1759,5979.0,5967.5,5952.0,5948.0,7.5,3.5,n,n
20180904,0000,1759,5950.5,5943.0,5843.0,5840.0,4.0,1.5,n,n
20180905,0000,1757,5845.5,5844.5,5869.5,5882.5,3.0,2.5,n,n
20180906,0000,1758,5890.0,5898.0,5913.5,5908.5,13.0,20.5,20.5,8.0
20180907,0000,1758,5919.0,5924.0,5879.0,5880.0,5.0,5.5,n,n
20180910,0002,1759,5883.0,5885.0,5891.0,5890.0,1.0,4.0,n,n
20180911,0000,1759,5890.0,5893.5,5885.0,5880.0,1.0,1.0,n,n
20180912,0000,1759,5886.0,5878.0,5987.0,5997.0,5.0,1.0,n,n
20180913,0000,1759,5999.5,6005.5,6000.5,5990.0,10.0,12.5,12.5,6.0
20180914,0000,1759,5996.5,6005.0,5931.0,5905.5,10.5,4.0,n,n
20180917,0000,1759,5868.0,5881.0,5942.0,5950.5,25.5,63.0,-63.0,13.0
20180918,0000,1759,5855.0,5885.0,6100.5,6091.0,8.5,87.0,-87.0,30.0
20180919,0000,1759,6111.0,6103.5,6096.5,6087.0,9.5,10.5,10.5,-7.5
20180920,0000,1759,6095.0,6097.5,6117.5,6115.0,9.5,1.5,n,n
20180921,0000,1759,6143.0,6147.0,6350.0,6337.5,2.5,25.5,25.5,4.0
20180924,0000,1759,6312.5,6305.5,6314.0,6298.5,12.5,37.5,-37.5,-7.0
20180925,0001,1759,6291.0,6275.0,6280.5,6280.5,15.5,23.0,-23.0,-16.0
20180926,0001,1759,6276.5,6276.0,6286.5,6289.0,0.0,4.0,n,n
20180927,0002,1800,6275.5,6279.0,n,n,2.5,11.0,-11.0,3.5
20180928,0000,1759,6182.5,6186.5,6251.0,6259.5,n,n,n,n
20181001,0002,1759,6253.0,6247.5,6236.5,6237.5,8.5,2.0,n,n
20181002,0013,1759,6225.0,6242.5,6267.0,6253.5,1.0,11.5,-11.5,17.5
20181003,0005,1759,6271.0,6268.5,6325.0,6332.0,13.5,4.0,n,n
20181004,0000,1758,6304.0,6303.5,6209.0,6228.5,7.0,21.0,-21.0,-0.5
20181005,0001,1758,6234.5,6240.0,6186.5,6186.5,19.5,25.5,25.5,5.5
20181008,0000,1759,6201.0,6189.0,6191.0,6196.5,0.0,14.5,14.5,-12.0
20181009,0000,1759,6203.0,6204.5,6284.0,6295.0,5.5,12.0,12.0,1.5
20181010,0000,1759,6301.5,6310.0,6223.0,6218.0,11.0,17.5,17.5,8.5
20181011,0000,1759,6170.0,6187.5,6266.0,6273.5,5.0,53.0,-53.0,17.5
20181012,0000,1759,6236.0,6240.0,6270.0,6288.5,7.5,30.0,-30.0,4.0
20181015,0000,1759,6295.0,6295.0,6239.5,6239.5,18.5,25.0,25.0,0.0
20181016,0000,1759,6235.5,6238.0,6220.5,6233.0,0.0,4.0,n,n
20181017,0000,1759,6228.0,6226.0,6215.0,6220.5,12.5,7.5,n,n
20181018,0003,1759,6219.0,6220.0,6166.0,6132.0,5.5,4.0,n,n
20181019,0018,1759,6135.0,6146.0,6220.0,6222.0,34.0,31.0,-31.0,11.0
20181022,0007,1759,6226.0,6212.0,6231.5,6228.5,2.0,6.0,n,n
20181023,0002,1758,6216.0,6223.0,6187.0,6183.0,3.0,15.5,-15.5,7.0
20181024,0003,1759,6193.0,6187.5,6184.0,6178.0,4.0,6.0,n,n
20181025,0000,1758,6165.0,6171.0,6190.0,6197.5,6.0,19.0,-19.0,6.0
20181026,0000,1759,6185.0,6183.5,6171.5,6182.0,7.5,5.0,n,n
20181029,0000,1759,6195.5,6196.5,6156.5,6127.0,10.5,24.0,24.0,1.0
20181030,0000,1930,6137.0,6130.0,n,n,29.5,19.5,-19.5,-7.0
20181031,0000,1759,6032.0,6041.5,5998.0,5999.5,n,n,n,n
20181101,0000,1759,6009.5,6009.5,6125.5,6139.0,1.5,11.5,11.5,0.0
20181102,0000,1759,6128.5,6108.0,6279.0,6305.0,13.5,3.0,n,n
20181105,0000,2011,6285.0,6242.5,n,n,26.0,6.0,n,n
